location,industrial,logistics,auto,retail,grocery,office,education,health,restaurants,public sector,entertainment,hotel,others,Employee/Residential Population Ratio (per 100 Residents),Latitude,Longitude,Walkscore,distance_to_park,distance_to_transit_station,distance_to_bike_station
"Firestone, Florence-Graham",499,490,262,750,302,689,1660,217,646,233,23,13,516,11,33.9741588,-118.2432856,81,0.6 km,0.2 km,0.2 km
"Florence, Florence-Graham",1230,803,480,1090,471,814,2636,294,844,99,66,1,702,18,33.9741588,-118.2432856,81,0.6 km,0.2 km,0.2 km
"Grand Avenue Arts Bunker Hill, Los Angeles (Bunker Hill)",8142,7483,274,9514,1143,75926,3667,5844,9587,20119,3973,5654,11161,202,34.0549665,-118.251427,96,0.3 km,90 m,69 m
"Grand LATT, Los Angeles (Historic South Central)",2156,1131,346,1645,266,2176,6125,2458,1984,614,807,211,1244,36,34.0162304,-118.2673085,82,0.8 km,1 m,1 m
"Harbor Freeway, Los Angeles (South Los Angeles)",261,282,283,281,236,575,1598,552,744,365,962,43,1539,12,34.0220202,-118.2774872,92,0.7 km,0.3 km,0.3 km
"Hawthorne Lennox, Hawthorne",321,9,17,44,100,201,0,107,160,3,4,56,23,36,33.9335004,-118.3519756,77,1.0 km,1 m,1 m
"Heritage Square, Los Angeles (Cypress Park)",888,301,147,659,258,648,705,434,554,107,64,4,593,18,34.087127,-118.2132887,81,0.8 km,94 m,0.1 km
"Highland Park, Los Angeles (Highland Park)",299,138,127,399,356,945,699,693,776,55,143,17,505,13,34.1099469,-118.1969828,94,0.4 km,0.2 km,39 m
"Historic Broadway, Los Angeles (Civic Center)",26,15,24,81,14,93,270,190,34,72,0,2,206,116,34.0520767,-118.246531,97,0.3 km,17 m,0.1 km
"Hollywood Highland, Los Angeles (Hollywood)",1188,1110,658,3481,592,11300,1173,1462,5282,742,3669,1363,5488,70,34.10244,-118.3402585,98,0.3 km,0.2 km,7 m
"Hollywood Vine, Los Angeles (Hollywood)",1134,1011,816,2954,454,16695,1637,1833,4886,782,3302,1469,5362,72,34.1014183,-118.3257421,96,0.2 km,0.1 km,0.1 km
"Hollywood Western, Los Angeles (East Hollywood)",693,959,421,1316,573,12687,1753,10442,2418,103,471,129,4032,46,34.0980031,-118.329523,99,0.3 km,44 m,20 m
"Hyde Park, Los Angeles (Hyde Park)",730,443,215,461,111,877,1757,657,593,97,116,8,1067,17,33.9854024,-118.330861,78,0.3 km,1 m,1 m
"Indiana, Los Angeles (East Los Angeles)",330,191,149,366,389,587,1704,625,827,50,143,2,396,9,41.6923446,-85.9259083,11,1.0 km,2.7 km,0.1 km
"Irwindale, Irwindale",3444,999,181,721,505,1434,110,329,254,223,193,6,318,66,34.1069927,-117.934214,54,0.5 km,27 m,8 m
"Jefferson USC, Los Angeles (University Park)",1070,613,311,1066,429,1840,5832,2187,2013,626,828,213,1912,31,34.0218833,-118.2858666,88,9 m,0.4 km,20 m
"Lake, Pasadena",13,6,15,9,3,15,6,6,2,98,1,0,15,18,28.3280593,-82.2223069,0,6.0 km,,0.2 km
"Lakewood Boulevard, Downey",676,466,165,1257,222,3002,2672,3627,1261,1174,167,34,531,46,33.9130799,-118.1406419,78,1.0 km,1.1 km,1.0 km
"LATTC Ortho Institute, Los Angeles (Historic South Central)",4459,3621,549,3446,645,2988,1785,1910,1166,258,194,26,1127,42,34.0291645,-118.2735701,91,0.7 km,6 m,6 m
"La Cienega Jefferson, Los Angeles (Baldwin Hills)",1671,1008,325,1659,126,4533,654,467,650,57,1704,27,798,55,34.0264383,-118.3725319,83,0.9 km,40 m,86 m
"Leimert Park, Los Angeles (Leimert Park)",339,230,124,860,192,1427,1549,936,768,258,135,2,1076,23,34.008441,-118.3314469,92,0.6 km,0.3 km,26 m
"Lincoln Cypress, Los Angeles (Lincoln Heights Cypress Park)",1084,464,129,674,239,599,602,124,364,139,126,0,397,22,34.0807497,-118.2207106,73,0.2 km,0.1 km,0.1 km
"Little Tokyo Arts District, Los Angeles (Little Tokyo)",8928,10258,244,8796,1227,53313,1622,4095,7962,18283,2797,2194,8031,217,34.0488626,-118.238748,95,0.3 km,1 m,1 m
"Long Beach Boulevard, Lynwood",1725,982,338,2120,274,1128,1281,609,994,752,32,29,651,19,33.9248873,-118.209968,86,0.8 km,1 m,1 m
"Maravilla, East Los Angeles",715,466,271,241,85,2795,1429,887,554,13851,54,19,549,69,34.0332976,-118.1681507,73,1.2 km,1 m,1 m
"Mariachi Plaza, Los Angeles (Boyle Heights)",1118,1629,157,1017,381,2686,1174,6188,1348,798,287,19,988,43,34.0474812,-118.2190832,91,0.2 km,3 m,3 m
"Mariposa, El Segundo",535,1111,60,313,52,1549,232,249,479,518,449,23,474,44,33.9232168,-118.387579,45,1.1 km,8 m,1 m
"Martin Luther King Jr., Los Angeles (Baldwin Hills Crenshaw)",598,327,122,1030,253,1965,1094,952,899,217,123,7,937,22,34.011257,-118.3357738,91,70 m,1 m,1 m
"Memorial Park, Pasadena",3446,2094,626,2899,792,24439,2593,25476,4789,5560,1138,809,3793,212,34.148477,-118.1474604,96,0.2 km,0.2 km,35 m
"North Hollywood, Los Angeles (North Hollywood)",1231,872,806,855,308,3523,1333,1018,1693,395,1642,99,1404,31,34.1649502,-118.3747521,97,0.1 km,11 m,11 m
"Norwalk, Norwalk",1362,906,397,718,199,2386,725,2672,1065,2842,243,175,644,53,41.1175966,-73.4078968,86,0.1 km,0.1 km,70 m
"Pacific Avenue, Long Beach",1199,931,115,489,385,2008,920,1216,497,197,221,20,543,33,33.7723341,-118.1937561,97,0.3 km,1 m,1 m
"Pacific Coast Highway, Long Beach",1101,528,471,655,329,1565,1494,4096,834,257,112,56,1057,17,33.7894805,-118.1893842,86,0.5 km,0.1 km,0.1 km
"Palms, Los Angeles (Palms)",1908,651,492,883,672,4977,1114,1366,1676,90,442,126,885,31,34.0293247,-118.4042754,90,0.3 km,7 m,7 m
"Pico, Los Angeles (South Park)",822,287,293,567,232,974,1986,444,673,221,86,20,737,10,34.0406717,-118.2661915,94,0.3 km,22 m,2 m
"Pico Aliso, Los Angeles (Boyle Heights)",2381,5456,99,1324,465,5982,963,5705,3429,8754,1088,123,2784,109,34.0436892,-118.2097684,93,0.2 km,2 m,2 m
"Redondo Beach, Redondo Beach",610,560,204,550,311,2503,628,1025,1772,991,344,467,830,40,33.8455911,-118.3886766,93,0.4 km,0.3 km,0.2 km
"San Pedro, Los Angeles (Historic South Central)",6964,6797,955,7408,946,6253,1788,3570,2133,378,857,99,2201,95,34.0270236,-118.2559563,87,0.2 km,64 m,0.1 km
"Sierra Madre Villa, Pasadena",530,260,570,1601,555,4183,914,2077,1451,104,183,132,953,95,34.1484546,-118.0814884,80,1.3 km,24 m,24 m
"Slauson, Florence-Graham",3880,2039,491,1663,619,1283,1564,290,698,136,87,5,841,29,33.9741588,-118.2432856,81,0.6 km,0.2 km,0.2 km
"Soto, Los Angeles (Boyle Heights)",735,311,116,445,222,1320,2641,16224,969,1208,171,38,434,53,34.0436132,-118.2102316,93,0.2 km,1 m,1 m
"Southwest Museum, Los Angeles (Highland Park Mount Washington)",216,42,79,169,216,563,467,526,337,3,70,0,338,10,34.0982784,-118.2066457,74,0.6 km,13 m,8 m
"South Pasadena, South Pasadena",391,194,112,452,601,2435,947,1373,1362,337,230,34,802,39,34.1133062,-118.1478291,83,0.6 km,0.6 km,0.3 km
"Union Station, Los Angeles (El Pueblo)",3734,6273,99,2534,565,17832,1192,3760,4301,17657,1680,639,4847,131,34.0558624,-118.2342859,81,0.3 km,37 m,37 m
"Universal City Studio City, Los Angeles (Studio City)",516,363,426,855,261,4697,342,995,2409,54,3127,817,1090,97,34.1393585,-118.362359,77,0.2 km,13 m,13 m
"Vermont Athens, Los Angeles (Athens South Los Angeles)",363,158,91,61,181,350,786,257,264,644,21,28,350,8,33.9182564,-118.291826,65,0.1 km,72 m,60 m
"Vermont Beverly, Los Angeles (Koreatown)",1776,1368,443,2164,1462,26651,3333,6215,4817,2793,782,295,5077,47,34.0766342,-118.2919583,89,0.6 km,2 m,2 m
"Vermont Santa Monica, Los Angeles (East Hollywood)",586,607,412,1233,568,3333,1716,15850,2516,152,524,109,4038,45,34.090641,-118.292044,93,0.5 km,2 m,2 m
"Vermont Sunset, Los Angeles (East Hollywood)",623,403,361,1232,569,3551,1486,15468,2716,60,507,129,3961,48,34.09689745,-118.2927196,94,0.2 km,0.2 km,39 m
"Vernon, Los Angeles (South Los Angeles)",8797,8640,1046,12455,1220,40919,2075,4583,6250,2582,2516,3519,6779,178,34.0038275,-118.2738644,83,1.0 km,21 m,1 m
"Wardlow, Long Beach",1452,1636,118,1028,229,9658,1295,2463,3958,10439,481,4992,1675,90,33.8198514,-118.1960776,52,0.9 km,2 m,
"Washington, Los Angeles (South Los Angeles)",957,380,436,850,380,2623,1256,1347,1125,9203,422,85,781,49,36.0520357,-94.1896943,53,1.0 km,0.2 km,0.2 km
"Westchester Veterans, Inglewood (Westchester)",446,13343,146,811,667,2314,1435,757,1246,563,309,394,912,202,33.962,-118.374579,80,1.4 km,0.6 km,0.6 km
"Westlake MacArthur Park, Los Angeles (Westlake)",1205,1163,313,3213,834,16668,4314,7874,3267,2626,770,980,4678,37,34.05674,-118.2754786,95,0.1 km,55 m,2 m
"Westwood Rancho Park, Los Angeles (Rancho Park)",1995,514,316,1502,375,5435,848,1051,1393,153,559,67,1522,46,34.0368181,-118.4245788,75,0.4 km,3 m,3 m
"Willowbrook Rosa Parks, Willowbrook",1281,748,119,200,133,347,1230,1037,299,1234,67,6,560,16,33.9282894,-118.238374,75,0.3 km,0.2 km,1 m
"Willow Street, Long Beach",9,10,4,5,2,15,0,0,1,23,3,3,5,11,33.8066989,-118.1896702,86,0.5 km,0.1 km,84 m
"Wilshire Normandie, Los Angeles (Koreatown)",679,1123,399,778,686,6078,1606,2252,2848,315,289,52,1922,19,34.0614318,-118.3009228,96,0.4 km,15 m,9 m
"Wilshire Vermont, Los Angeles (Koreatown)",1159,1116,307,3040,874,12042,4104,9145,2904,3139,461,251,3635,32,34.0626617,-118.2906103,98,0.9 km,5 m,1 m
"Allapattah, Miami",1303,1434,440,1040,669,1509,777,6729,811,705,205,28,1948,44,25.808706,-80.2154675,77,0.5 km,1 m,1 m
"Brickell, Miami",2752,2149,586,3069,1017,43806,1439,2560,5714,7234,1112,2917,3262,112,25.76708835,-80.18969625,99,0.2 km,85 m,1 m
"Brownsville, Miami",2426,2562,751,809,254,1540,184,849,366,130,51,14,840,63,25.8217642,-80.2411604,65,1.6 km,27 m,27 m
"vic Center, Miami",177,85,136,302,226,1383,1002,294,283,271,133,42,500,32,25.7896904,-80.2150352,85,0.5 km,1 m,1 m
"nut Grove, Miami",2719,699,949,1968,358,8987,2419,2057,1625,583,653,580,1436,89,25.7398164,-80.2388468,86,2.1 km,1 m,1 m
"ulmer, Miami",1329,302,94,789,370,477,393,394,1046,129,7,118,92,122,25.7845569,-80.2075405,68,0.7 km,1 m,1 m
"Dadeland North, Miami",687,604,596,3341,519,8589,746,1326,2389,48,336,619,845,84,25.691956,-80.3051175,78,1.3 km,0.6 km,0.6 km
"Dadeland South, Miami",619,516,885,3045,569,8388,607,1264,2237,52,327,619,791,79,25.6835034,-80.3159348,91,1.0 km,0.7 km,40 m
"Douglas Road, Miami",1253,2176,495,475,61,2420,162,266,1089,1431,124,487,643,93,25.7179821,-80.2532302,43,4.6 km,0.5 km,36 m
"Dr. Martin Luther King Jr. Plaza, Miami",2572,2156,652,1420,478,1463,119,844,541,36,43,29,780,67,25.8323868,-80.2411958,62,0.8 km,1 m,1 m
"Earlington Heights, Miami",371,1036,472,262,172,691,1478,1044,655,472,77,8,555,26,25.8124614,-80.2299699,67,0.6 km,4 m,4 m
"Government Center, Miami",2935,2693,630,3411,1047,43008,2094,3040,6443,10339,2239,2953,3648,94,25.77582575,-80.19645774,90,0.2 km,0.2 km,0.5 km
"Hialeah, Miami",2894,2671,634,3421,1057,39508,2105,3251,6413,10364,1936,2728,3645,87,25.8575963,-80.2781057,72,1.5 km,0.4 km,
"Historic Overtown-Lyric Theatre, Miami",2191,2374,1107,2951,821,28582,2661,2722,4359,10210,2862,2785,3064,99,25.7809166,-80.1962822,90,0.5 km,9 m,8 m
"Miami International Airport, Miami",525,1525,148,238,13,2053,103,169,954,227,58,507,293,846,25.7979241,-80.2586662,28,0.9 km,9 m,9 m
"Northside, Miami",959,492,57,190,40,358,250,159,137,290,82,11,113,93,25.8458214,-80.2488239,71,1.4 km,1 m,1 m
"Okeechobee, Miami",2649,2629,1098,846,75,2305,667,939,908,1502,118,353,802,97,25.8398296,-80.3015392,57,2.9 km,1 m,1 m
"Palmetto, Miami",3054,3483,951,4243,232,3862,1052,1875,1742,234,221,50,1309,141,25.6217715,-80.3247748,17,1.6 km,0.8 km,1 m
"Santa Clara, Miami",1224,1159,282,910,526,9563,2547,13775,1500,540,331,144,1621,116,25.7957871,-80.2152009,85,0.5 km,1 m,1 m
"South Miami, Miami",137,65,27,297,12,4387,351,1053,243,16,93,736,343,59,25.7076017,-80.2933846,81,0.1 km,83 m,0.5 km
"Tri-Rail, Miami",240,59,18,26,6,33,19,32,23,36,11,2,29,31,25.8454673,-80.2596553,66,1.7 km,2 m,2 m
"University, Miami",1508,371,126,748,812,2614,1772,652,1381,339,200,64,835,29,25.71727245,-80.27870688,77,0.1 km,0.4 km,42 m
"Vizcaya, Miami",234,135,125,150,28,2471,475,1620,309,21,224,22,647,43,25.74961625,-80.20566853,53,0.2 km,1.2 km,1.2 km
"103rd Street, New York, New York",1694,867,170,4698,675,4349,2740,4542,2984,9197,710,126,1404,18,40.7902977,-73.9476244,99,0.1 km,13 m,1 m
"103rd Street–Corona Plaza, New York, New York",1730,1016,359,1168,725,2311,2741,2292,2024,710,833,851,1419,10,40.7498871,-73.8626767,97,0.3 km,1 m,1 m
"104th Street, New York, New York",1661,824,153,4416,638,4357,2737,4517,2805,9308,730,126,1506,19,40.6817152,-73.837694,92,0.1 km,1 m,1 m
"110th Street, New York, New York",2124,1003,157,405,87,820,72,1097,213,89,40,18,798,24,40.7947868,-73.9443458,99,0.1 km,1 m,1 m
"111th Street, New York, New York",2151,1030,163,464,103,898,81,1105,230,101,47,22,955,24,40.6844387,-73.8318863,92,0.8 km,1 m,1 m
"116th Street, New York, New York",2315,1113,191,596,120,1099,120,1208,257,167,104,29,1107,27,40.80775585,-73.96164947,97,41 m,0.1 km,25 m
"116th Street–Columbia University, New York, New York",948,779,100,2864,1131,9382,9393,10354,3919,2161,1359,348,7268,30,40.80775585,-73.96164947,97,41 m,0.1 km,25 m
"121st Street, New York, New York",5040,1546,297,1208,241,1936,335,1418,494,513,132,91,2161,55,40.7005266,-73.8283178,92,0.6 km,46 m,5 m
"125th Street, New York, New York",7354,1800,395,1363,345,2237,425,1687,704,586,174,115,2333,55,40.8077529,-73.9455416,99,0.1 km,3 m,3 m
"135th Street, New York, New York",1048,905,445,872,537,6535,2161,8858,1233,1375,234,114,2130,26,40.8141229,-73.9408924,97,0.2 km,,
"137th Street–City College, New York, New York",1682,1016,201,1132,280,1938,391,868,473,269,148,67,2547,24,40.8214204,-73.9541465,97,80 m,7 m,7 m
"138th Street–Grand Concourse, New York, New York",3855,1569,418,3433,1316,9162,6989,17910,3411,7215,925,214,5391,34,40.8131324,-73.929968,88,87 m,9 m,9 m
"145th Street, New York, New York",7333,1224,338,2254,980,6601,1786,7171,2275,635,273,607,3183,39,40.8264999,-73.9504381,99,57 m,2 m,11 m
"149th Street–Grand Concourse, New York, New York",3844,1544,420,3442,1337,9348,6839,17991,3448,7190,931,214,5497,34,40.8183725,-73.9274003,93,13 m,1 m,1 m
"14th Street-Eighth Avenue, New York, New York",3145,2832,341,2757,908,5446,2262,6838,2461,546,1508,295,3178,35,40.7413853,-74.0032719,100,0.2 km,0.1 km,0.3 km
"14th Street-Sixth Avenue, New York, New York",59743,40224,992,85404,4099,583041,19641,59265,45985,9317,25672,22472,64039,457,40.7383575,-73.9992012,100,0.3 km,1 m,1 m
"14th Street–Union Square, New York, New York",23815,10017,489,39466,3350,162534,18062,19761,23622,2449,13377,5197,29804,221,40.7347942,-73.9899805,100,0.1 km,74 m,77 m
"155th Street, New York, New York",834,1353,107,298,102,1086,684,843,494,43,129,0,611,17,40.8308908,-73.9413674,91,0.1 km,30 m,12 m
"157th Street, New York, New York",769,1344,99,269,92,1010,674,782,468,37,112,0,551,19,40.8340678,-73.944916,97,23 m,14 m,14 m
"15th Street–Prospect Park, New York, New York",1719,1547,285,2373,892,4869,2348,4283,1911,118,707,57,3052,13,40.660365,-73.979493,96,0.1 km,0.2 km,0.2 km
"161st Street–Yankee Stadium, New York, New York",3124,1331,389,2635,1402,6423,5682,15702,3024,3103,831,204,3774,21,40.8277271,-73.9256588,95,0.2 km,44 m,44 m
"163rd Street–Amsterdam Avenue, New York, New York",816,1312,165,1621,943,4235,3850,23833,2962,1375,939,376,3145,26,40.8369451,-73.9401256,91,0.2 km,32 m,9 m
"167th Street, New York, New York",844,360,541,396,234,2007,1317,4611,986,9,160,71,1485,21,40.8357244,-73.9212797,95,0.4 km,1 m,1 m
"168th Street, New York, New York",784,408,538,495,238,1901,1227,1434,981,9,158,72,1445,16,40.8409712,-73.9394687,98,0.1 km,16 m,1 m
"169th Street, New York, New York",510,184,33,489,236,1773,1110,1311,796,30,141,203,723,15,40.71047,-73.793604,98,0.5 km,76 m,76 m
"170th Street, New York, New York",751,417,541,524,230,1926,1216,1392,922,9,145,72,1313,16,40.8400335,-73.917815,94,81 m,1 m,1 m
"174th Street, New York, New York",807,315,129,477,206,1741,1578,1041,665,177,161,71,1117,15,40.8459,-73.910136,90,53 m,66 m,23 m
"174th–175th Streets, New York, New York",2396,2330,695,1721,1322,3916,11493,14864,2112,1325,325,46,2856,19,40.8459,-73.910136,90,53 m,66 m,23 m
"175th Street, New York, New York",836,303,160,476,280,1730,1547,1115,696,33,159,71,1130,16,40.8475742,-73.9396291,96,0.2 km,5 m,5 m
"176th Street, New York, New York",888,339,251,601,205,2247,2806,5578,940,375,156,83,1548,25,40.8484815,-73.9117776,87,0.3 km,4 m,4 m
"181st Street, New York, New York",1182,752,659,1532,275,4510,1481,3869,808,1892,80,28,1159,21,40.849301,-73.9337563,95,0.5 km,1 m,1 m
"182nd–183rd Streets, New York, New York",2336,1293,518,2687,1359,4897,12571,12755,2631,984,259,110,3400,19,40.856093,-73.900741,91,0.2 km,42 m,42 m
"183rd Street, New York, New York",592,338,127,489,287,1532,1706,1064,726,0,111,71,1083,16,40.8584149,-73.9038667,91,0.1 km,1 m,1 m
"18th Avenue, New York, New York",1619,2225,181,1787,619,3446,2431,2763,1512,186,134,14,1490,14,40.7410394,-73.9978652,100,0.3 km,1 m,1 m
"18th Street, New York, New York",4670,3282,412,3238,781,5065,2151,6375,2092,565,1022,293,2877,42,40.7410394,-73.9978652,100,0.3 km,1 m,1 m
"190th Street, New York, New York",738,281,493,547,262,1501,1415,2143,872,4,115,63,972,19,40.8591154,-73.9341529,91,78 m,14 m,14 m
"191st Street, New York, New York",908,461,742,564,254,2767,1100,2330,1082,48,117,20,1379,20,40.8552578,-73.9293981,93,0.3 km,41 m,17 m
"207th Street, New York, New York",471,199,44,569,286,1902,1268,1354,887,26,177,245,728,18,40.8644038,-73.9189683,95,0.2 km,2 m,2 m
"20th Avenue, New York, New York",1717,2518,283,1913,631,3588,2490,2922,1566,396,146,44,1564,13,40.61741,-73.985026,92,1.0 km,73 m,13 m
"215th Street, New York, New York",144,88,2,373,181,611,503,851,512,3,149,230,326,19,40.8695689,-73.9151877,92,0.3 km,1 m,2 m
"219th Street, New York, New York",562,315,712,361,244,1943,3027,750,759,272,98,52,923,23,40.8838215,-73.8626982,89,0.9 km,5 m,1 m
"21st Street, New York, New York",4532,2994,401,2996,742,4441,1841,4099,1956,543,966,257,2918,43,40.7542029,-73.942836,95,0.3 km,17 m,17 m
"21st Street–Queensbridge, New York, New York",11053,6441,993,3486,730,11954,3651,15885,2500,1487,1040,800,4477,73,40.7542029,-73.942836,95,0.3 km,17 m,17 m
"225th Street, New York, New York",294,177,570,239,162,1100,2869,414,577,279,53,51,422,18,40.8879866,-73.8603882,93,0.2 km,3 m,3 m
"231st Street, New York, New York",633,311,711,302,158,1663,3048,664,727,301,80,52,706,27,40.8789536,-73.904797,99,0.3 km,1 m,1 m
"233rd Street, New York, New York",162,121,220,130,107,596,2735,561,317,522,117,2,500,19,40.8933832,-73.8574009,93,0.3 km,2 m,2 m
"238th Street, New York, New York",531,161,456,195,78,1183,753,531,390,93,85,23,535,28,40.8849733,-73.900691,96,0.2 km,5 m,5 m
"23rd Street, New York, New York",4472,2928,417,3041,744,4160,1771,2120,1776,517,966,250,2987,40,40.7457871,-73.9996118,99,0.2 km,68 m,1 m
"25th Avenue, New York, New York",926,2115,276,1568,372,1928,1631,1914,1029,560,131,56,753,16,40.5976945,-73.9867923,95,0.4 km,12 m,4 m
"25th Street, New York, New York",4512,2917,406,3079,705,4057,1824,2066,1627,461,912,270,2847,38,40.5996428,-73.7617236,74,0.3 km,22 m,83 m
"28th Street, New York, New York",4402,2374,402,2866,629,3531,1679,1721,1291,442,783,250,2574,34,40.7433137,-73.9840753,100,0.1 km,24 m,19 m
"30th Avenue, New York, New York",4500,2577,1256,3136,893,7372,2240,5139,3896,453,740,58,2942,26,40.75343345,-74.00308131,97,0.3 km,0.2 km,0.2 km
"33rd Street, New York, New York",4576,2633,419,2798,672,3523,1831,1978,1100,455,547,229,2361,31,40.7484311,-73.9856903,99,0.2 km,0.2 km,1 m
"33rd Street–Rawson Street, New York, New York",11632,6629,1241,3997,803,9821,3372,3736,2877,1124,989,609,3466,54,40.7446199,-73.9312304,95,0.2 km,1 m,2 m
"34th Street–Herald Square, New York, New York",59739,40306,1096,85606,4056,600144,19595,52561,46784,9221,25979,23467,64205,458,40.749567,-73.98795,99,62 m,46 m,3 m
"34th Street–Hudson Yards†, New York, New York",36215,25009,1200,61417,2706,297095,10931,20708,29864,3627,18911,13719,40135,422,40.754533,-73.9990119,98,0.2 km,4 m,1 m
"34th Street–Penn Station, New York, New York",4690,2062,286,3165,1329,9488,5699,5475,2770,630,747,226,3335,22,40.7500792,-73.9913481,99,0.2 km,70 m,23 m
"36th Avenue, New York, New York",481,155,233,143,63,966,596,488,349,70,71,26,459,27,40.655144,-74.003549,94,0.2 km,0.1 km,1 m
"36th Street, New York, New York",3102,2787,353,2843,713,8274,3800,11495,1232,289,345,239,4253,24,40.655144,-74.003549,94,0.2 km,0.1 km,1 m
"39th Avenue, New York, New York",538,163,471,208,79,1201,1018,564,379,91,89,15,544,30,40.7526866,-73.9329357,96,0.2 km,1 m,1 m
"40th Street–Lowery Street, New York, New York",9422,5343,756,3278,540,5297,2122,3018,1919,4064,326,195,1827,55,40.7438431,-73.9244296,98,0.4 km,6 m,6 m
"47th–50th Streets–Rockefeller Center, New York, New York",4843,2118,373,3153,561,12217,1440,5581,1288,785,496,56,2048,38,40.758663,-73.981329,100,0.1 km,25 m,16 m
"49th Street, New York, New York",3923,3178,571,4069,969,9837,5140,13156,1452,338,481,302,4058,24,40.759901,-73.984139,99,0.1 km,82 m,1 m
"50th Street, New York, New York",3969,3195,581,4078,980,11068,5296,13561,1437,341,476,300,4060,24,40.753314,-73.964811,96,29 m,0.2 km,18 m
"52nd Street, New York, New York",4025,3206,651,4102,1069,11224,5313,13430,1492,342,484,298,4117,24,40.7598492,-73.9763999,97,0.1 km,12 m,1 m
"53rd Street, New York, New York",4036,3209,651,4117,1095,11223,5302,13457,1498,344,486,298,4119,24,40.7654274,-73.9877173,99,0.3 km,0.1 km,12 m
"55th Street, New York, New York",3821,3033,615,3948,1100,10852,5461,13444,1530,357,483,288,4121,24,40.7609986,-73.9733102,99,49 m,17 m,17 m
"57th Street, New York, New York",3380,2433,588,3762,1104,9961,5183,12833,1587,358,477,263,4001,22,40.7573131,-73.9605439,98,0.1 km,21 m,25 m
"57th Street–Seventh Avenue, New York, New York",28580,13255,617,48042,3861,191422,28342,36872,30588,3057,15566,6373,34075,215,40.7646501,-73.9806228,99,0.2 km,37 m,7 m
"59th Street, New York, New York",3153,2066,530,3632,1046,9463,4584,12038,1591,343,417,257,3819,22,40.7603396,-73.9636948,100,79 m,0.2 km,11 m
"59th Street–Columbus Circle, New York, New York",22116,15192,2238,47984,3968,389626,13625,22604,32366,4679,20372,22114,37007,336,40.7683815,-73.9819162,99,62 m,36 m,5 m
"61st Street–Woodside, New York, New York",4496,1599,699,2028,948,4233,1980,4136,1933,6278,347,149,1823,25,40.7456359,-73.9030518,98,0.2 km,16 m,16 m
"62nd Street-New Utrecht Avenue, New York, New York",2654,1836,291,2179,720,5521,4647,3412,1444,328,141,202,2116,16,40.626472,-73.996895,79,0.8 km,48 m,0.1 km
"63rd Drive–Rego Park, New York, New York",957,620,126,4922,538,5140,2062,4890,2735,8889,377,43,1705,22,40.730043,-73.8616485,98,0.5 km,1 m,1 m
"65th Street, New York, New York",16733,9192,1782,40097,4391,308344,14907,29512,26995,4408,19056,17897,34157,233,40.7723353,-73.978539,93,0.3 km,20 m,20 m
"66th Street–Lincoln Center, New York, New York",7039,3718,1912,18380,3209,148580,11231,12255,18064,2273,14092,12823,18410,158,40.7725333,-73.9822518,99,81 m,0.1 km,86 m
"67th Avenue, New York, New York",133,105,310,139,29,526,2560,817,167,659,192,2,651,21,40.7267968,-73.8532472,95,0.1 km,0.1 km,0.1 km
"68th Street–Hunter College, New York, New York",12427,5796,430,31681,3542,226262,9957,45260,21532,3061,11439,13717,26774,181,40.7678782,-73.9641187,98,63 m,14 m,14 m
"69th Street, New York, New York",2067,1686,1062,2538,1056,7236,3176,6637,2658,728,476,61,2866,18,40.7690869,-73.9647239,98,0.3 km,0.1 km,16 m
"71st Street, New York, New York",2606,1592,799,2104,889,7639,3487,5289,1591,480,297,258,2217,19,40.6193283,-73.9989445,91,0.1 km,34 m,14 m
"72nd Street, New York, New York",2537,1437,789,2050,863,7477,3301,5672,1638,490,311,258,2039,19,40.7762402,-73.9760123,97,0.1 km,1 m,1 m
"75th Avenue, New York, New York",855,568,69,1278,512,5598,1774,4599,1592,1576,467,195,2002,25,40.718331,-73.837324,98,0.8 km,,
"75th Street–Elderts Lane, New York, New York",1142,861,307,838,666,1942,2234,1826,1137,29,171,24,1116,9,40.691321,-73.8672547,82,0.6 km,6 m,1 m
"77th Street, New York, New York",2183,1231,775,1906,772,4925,2986,3929,1562,455,279,45,1922,17,40.7736528,-73.9598437,97,0.3 km,1 m,1 m
"79th Street, New York, New York",3851,2929,266,12422,3872,31437,11652,26589,13276,1465,10396,2339,15124,49,40.7838618,-73.9799918,100,8 m,2 m,8 m
"80th Street, New York, New York",1801,1234,746,1369,788,4201,2427,5309,1544,324,292,58,1857,17,40.6793809,-73.8589845,86,0.3 km,3 m,3 m
"81st Street–Museum of Natural History, New York, New York",5410,1796,142,8011,2675,20704,11015,16335,9283,1048,11121,1322,11398,48,40.7817835,-73.9719225,95,0.2 km,19 m,19 m
"82nd Street–Jackson Heights, New York, New York",2076,2020,788,2340,850,5553,3581,6934,3314,924,312,116,2107,14,40.7476192,-73.8841432,100,0.2 km,18 m,8 m
"85th Street–Forest Parkway, New York, New York",1648,1014,155,1343,561,1668,2126,753,1096,35,90,0,1192,14,40.6924432,-73.8599369,91,0.6 km,73 m,0.1 km
"86th Street, New York, New York",1459,1277,929,1308,656,4106,2267,8329,1748,397,450,91,1904,22,40.7883389,-73.9765049,100,18 m,14 m,18 m
"88th Street, New York, New York",927,748,872,1002,546,4097,1957,8360,1894,425,484,92,1753,23,40.6798468,-73.8515018,86,0.4 km,3 m,3 m
"90th Street–Elmhurst Avenue, New York, New York",2204,1045,502,2909,1094,5400,4016,7373,3638,740,237,74,2133,12,40.7483933,-73.8767862,97,22 m,45 m,0.1 km
"96th Street, New York, New York",540,502,801,732,301,2741,1152,7298,1174,417,439,85,1127,31,40.7858647,-73.9508992,99,71 m,1 m,1 m
"96th Street†, New York, New York",5302,1604,187,3733,1765,12357,8066,25050,5858,701,4226,615,7977,34,40.7858647,-73.9508992,99,71 m,1 m,1 m
"Alabama Avenue, New York, New York",1991,2058,390,1560,559,2489,1979,3547,1040,630,66,41,1494,15,40.6768986,-73.8992908,89,0.1 km,10 m,10 m
"Allerton Avenue, New York, New York",1505,446,443,932,635,2313,3155,4300,1414,583,465,33,2031,14,40.8654299,-73.8673652,92,0.2 km,1 m,1 m
"Aqueduct Racetrack, New York, New York",1312,674,244,828,340,1606,1426,723,1080,257,1675,308,745,17,40.6720944,-73.8359383,73,0.6 km,5 m,5 m
"Aqueduct–North Conduit Avenue, New York, New York",977,798,267,711,598,1835,2691,2177,1055,529,213,24,1272,10,40.6683086,-73.8340881,59,0.8 km,6 m,6 m
"Astoria Boulevard, New York, New York",4181,3498,630,1873,718,6025,2251,4953,3139,664,525,53,2164,24,40.7704417,-73.9176868,98,80 m,17 m,17 m
"Astoria–Ditmars Boulevard†, New York, New York",3159,14291,428,651,255,2673,1445,721,1243,893,162,379,1229,39,40.7749872,-73.9121176,100,0.7 km,2 m,2 m
"Astor Place, New York, New York",19140,8635,532,37072,4520,129078,28932,37688,31540,4154,12056,4386,24900,126,40.7298838,-73.9915334,100,0.1 km,23 m,6 m
"Atlantic Avenue, New York, New York",2268,1632,461,1242,524,2968,3234,3795,1503,1209,188,67,2057,15,40.6758826,-73.9032829,86,0.3 km,41 m,36 m
"Atlantic Avenue–Barclays Center, New York, New York",3270,2166,235,4846,1425,8987,8811,13397,5210,8622,1917,1100,5426,37,40.6838111,-73.9786613,100,0.1 km,5 m,5 m
"Avenue H, New York, New York",1924,1297,954,1807,732,5632,1611,2492,1544,200,130,45,2095,19,40.7617402,-73.9574946,95,0.3 km,38 m,30 m
"Avenue I, New York, New York",1923,1384,975,1461,671,5501,1662,2285,1281,213,139,41,2067,19,40.7592379,-73.9593111,97,65 m,17 m,18 m
"Avenue J, New York, New York",1659,1613,571,817,344,2386,1502,3132,939,313,79,5,1675,16,40.6758826,-73.9032829,86,0.3 km,41 m,36 m
"Avenue M, New York, New York",468,459,124,407,322,1381,1470,2648,734,154,67,5,756,11,40.7792198,-73.9447283,88,76 m,15 m,12 m
"Avenue N, New York, New York",350,370,86,354,299,1187,1294,2327,579,128,64,5,628,11,34.2336839,-118.2536491,78,0.2 km,0.2 km,0.2 km
"Avenue P, New York, New York",2277,1823,393,2568,835,4829,2978,3862,1880,382,178,114,1819,14,34.2336839,-118.2536491,78,0.2 km,0.2 km,0.2 km
"Avenue U, New York, New York",1530,1438,466,1867,672,4485,2651,6228,1340,664,214,51,1927,17,34.2336839,-118.2536491,78,0.2 km,0.2 km,0.2 km
"Avenue X, New York, New York",359,256,39,2353,126,929,632,857,513,24,257,50,419,24,40.5896199,-73.97425,92,0.4 km,1 m,1 m
"Baychester Avenue, New York, New York",955,454,623,2770,399,2565,1811,3721,1552,225,84,31,927,19,40.8795514,-73.8320702,68,0.2 km,0.2 km,15 m
"Bay 50th Street, New York, New York",1075,1388,408,1469,551,2129,2475,2275,1589,942,569,74,1102,17,40.753314,-73.964811,96,29 m,0.2 km,18 m
"Bay Parkway, New York, New York",1403,2497,257,1845,587,3047,2023,2645,1302,374,144,46,1210,14,40.611815,-73.981848,93,0.5 km,7 m,7 m
"Bay Ridge Avenue, New York, New York",2067,1686,1062,2538,1056,7236,3176,6637,2658,728,476,61,2866,18,40.6347733,-74.0234269,92,0.3 km,21 m,21 m
"Bay Ridge–95th Street, New York, New York",555,488,808,753,304,2800,1150,7504,1206,426,438,85,1149,31,40.6161881,-74.0310127,97,63 m,7 m,7 m
"Beach 105th Street, New York, New York",271,93,46,233,177,635,661,1100,371,176,10313,12,240,73,40.5832557,-73.8273814,77,0.4 km,1 m,1 m
"Beach 25th Street, New York, New York",222,898,26,175,152,601,1918,4393,381,211,40,105,614,17,40.5996428,-73.7617236,74,0.3 km,22 m,83 m
"Beach 36th Street, New York, New York",98,2156,8,98,81,261,1173,3791,202,41,5,43,132,20,40.5952838,-73.7683817,53,0.2 km,36 m,36 m
"Beach 44th Street, New York, New York",135,121,6,111,80,419,360,502,121,108,22,0,177,9,40.5929615,-73.7759368,39,73 m,1 m,1 m
"Beach 60th Street, New York, New York",198,2164,27,23,115,167,270,1661,177,43,3,0,160,16,40.5923764,-73.7887383,74,77 m,52 m,55 m
"Beach 67th Street, New York, New York",168,1578,30,88,171,226,298,1534,231,50,3,0,193,14,40.5910021,-73.7963277,82,87 m,1 m,1 m
"Beach 90th Street, New York, New York",368,77,36,135,199,505,581,862,331,141,10295,4,211,63,40.5880338,-73.8136929,87,0.8 km,34 m,34 m
"Beach 98th Street, New York, New York",282,68,47,156,169,595,706,1069,340,177,10301,9,216,75,40.5853442,-73.8204847,85,0.4 km,44 m,44 m
"Bedford Avenue, New York, New York",1864,1009,315,1421,828,5920,5501,8002,2681,725,1216,109,4513,18,40.7237448,-73.9513737,95,0.1 km,58 m,1 m
"Bedford Park Boulevard, New York, New York",1322,602,175,2552,861,3748,8743,29586,1582,707,673,40,1886,30,40.873244,-73.8871379,86,0.5 km,1 m,1 m
"Bedford Park Boulevard–Lehman College, New York, New York",1518,1435,169,3200,1063,3703,6046,30517,1919,786,461,32,1923,29,40.8733378,-73.8901557,80,0.7 km,1 m,1 m
"Bedford–Nostrand Avenues, New York, New York",1979,1015,315,1443,892,5482,4396,7818,2614,741,690,113,4548,16,40.689627,-73.953522,94,0.2 km,85 m,1 m
"Bergen Street, New York, New York",2462,1841,413,1533,644,5168,3618,4195,1771,1465,240,63,2272,16,40.6808135,-73.9750886,99,0.1 km,3 m,3 m
"Beverley Road, New York, New York",2027,1727,1297,1316,776,4586,2230,16654,1401,274,169,29,2271,30,40.644031,-73.964492,92,0.5 km,10 m,10 m
"Beverly Road, New York, New York",2027,1727,1297,1316,776,4586,2230,16654,1401,274,169,29,2271,30,40.6451265,-73.9489324,86,0.5 km,17 m,11 m
"Borough Hall-Court Street, New York, New York",4889,2672,234,5513,1785,14569,14436,11085,4628,11309,1694,1402,8011,64,40.6925434,-73.9909995,100,0.1 km,28 m,12 m
"Bowery, New York, New York",11377,6720,2347,21354,3303,144077,25079,19948,23212,21117,8868,4483,28738,148,40.7141496,-73.9975206,100,93 m,0.1 km,4 m
"Bowling Green, New York, New York",9183,4349,2199,9829,1300,213546,11296,15931,9464,25242,3713,3103,27558,412,40.7045091,-74.0140946,99,69 m,27 m,8 m
"Briarwood, New York, New York",1294,1257,508,1322,601,8532,3761,13089,1613,1732,134,182,2747,34,40.7092563,-73.8201394,90,0.2 km,50 m,0.2 km
"Brighton Beach, New York, New York",1240,1203,360,1043,657,4185,2210,6802,1111,631,189,30,1352,24,40.57964365,-73.96111023,97,0.5 km,0.2 km,35 m
"Broadway, New York, New York",4257,1272,80,2228,1154,10816,8972,23384,4799,1035,1925,534,6055,39,40.978666,-73.880213,38,0.3 km,63 m,63 m
"Broadway Junction, New York, New York",2166,1467,478,1098,466,2516,3173,3569,1222,913,247,57,1943,15,40.6758826,-73.9032829,86,0.3 km,41 m,36 m
"Broadway–Lafayette Street-Bleecker Street, New York, New York",13611,7267,2385,25008,3302,229741,27009,21939,24456,24038,9581,5457,32373,209,40.725297,-73.996204,100,0.1 km,8 m,8 m
"Broad Channel, New York, New York",21,0,7,11,6,180,25,35,30,39,0,4,21,15,40.6064008,-73.8190188,46,0.5 km,73 m,13 m
"Broad Street, New York, New York",9799,4893,2232,10948,1520,221165,11705,17883,11246,26569,4515,3293,28693,361,40.730328,-73.9926289,100,61 m,34 m,6 m
"Bronx Park East, New York, New York",1759,853,375,1530,738,2673,3427,2080,1366,651,522,32,1844,11,40.8489744,-73.8683841,85,0.3 km,1 m,1 m
"Brooklyn Bridge–City Hall-Chambers Street†, New York, New York",12151,5541,2293,7942,1715,149155,18507,22503,12433,29552,5088,3301,26385,199,40.71235,-74.0050702,100,63 m,90 m,63 m
"Brook Avenue, New York, New York",2454,2669,680,1819,1656,3790,7466,17927,2112,1226,361,45,3511,19,40.6758826,-73.9032829,86,0.3 km,41 m,36 m
"Buhre Avenue, New York, New York",952,546,422,866,433,4101,1075,8879,872,113,145,50,1655,42,40.847037,-73.8322772,94,59 m,5 m,5 m
"Burke Avenue, New York, New York",1112,513,719,2613,402,2609,2031,3308,1598,252,85,37,1002,18,40.8714348,-73.8671748,88,0.3 km,,
"Burnside Avenue, New York, New York",882,1421,223,1327,643,1616,950,2083,921,973,111,19,1081,25,40.8534266,-73.9077258,92,0.3 km,1 m,1 m
"Bushwick Avenue–Aberdeen Street, New York, New York",2221,1331,426,1128,504,2659,2913,3117,1383,709,163,66,1953,15,40.6827996,-73.9052062,83,74 m,0.1 km,0.1 km
"nal Street, New York, New York",13147,7116,2373,25351,3398,225389,26966,21528,25167,23596,9943,5437,32076,204,40.7188749,-74.0011072,100,0.3 km,2 m,2 m
"narsie–Rockaway Parkway†, New York, New York",1941,1935,668,1249,355,2628,1785,12372,900,251,88,15,1818,26,40.6464582,-73.9019799,84,0.7 km,0.4 km,89 m
"rroll Street, New York, New York",121,62,36,26,22,216,61,58,408,0,94,0,99,27,40.67358,-73.995959,96,0.1 km,0.1 km,0.4 km
"stle Hill Avenue, New York, New York",1020,1932,236,1121,498,862,1841,1598,799,298,51,8,768,17,40.83421755,-73.85164518,97,0.4 km,12 m,12 m
"thedral Parkway–110th Street, New York, New York",4836,1629,280,4325,1618,13359,10905,29113,5878,2400,2074,380,9277,34,40.8013041,-73.9599846,96,0.2 km,7 m,7 m
"entral Avenue, New York, New York",2299,1728,189,2028,1147,4311,4276,5445,2723,1041,420,151,3074,15,40.6979465,-73.9266436,97,0.2 km,62 m,1 m
"entral Park North–110th Street, New York, New York",4836,1629,280,4325,1618,13359,10905,29113,5878,2400,2074,380,9277,34,40.7985081,-73.9524896,95,0.1 km,31 m,60 m
"mbers Street, New York, New York",14729,6496,2263,20223,2061,250610,13162,20866,16602,26632,6914,4456,32101,365,40.7172909,-74.0131023,99,93 m,57 m,0.1 km
"mbers Street–World Trade Center-Park Place-Cortlandt Street†, New York, New York",14729,6496,2263,20223,2061,250610,13162,20866,16602,26632,6914,4456,32101,365,40.71266655,-74.00971577,100,0.1 km,13 m,13 m
"uncey Street, New York, New York",1639,1474,283,1268,588,4946,3649,3293,1807,1591,197,85,2845,14,40.6829301,-73.9105344,92,0.2 km,8 m,8 m
"ristopher Street–Sheridan Square, New York, New York",15761,6038,299,33427,3509,112851,23465,13098,24269,2376,9278,3569,20596,171,40.7336088,-74.0028294,100,49 m,1 m,1 m
"urch Avenue, New York, New York",1923,1883,795,1203,851,3017,3451,17633,1500,386,186,0,2463,27,40.6505269,-73.962982,96,0.2 km,0.2 km,20 m
"urch Avenue†, New York, New York",1462,1112,261,2028,546,5812,3068,6480,1707,542,120,12,1915,19,40.6505269,-73.962982,96,0.2 km,0.2 km,20 m
"ty Hall, New York, New York",14356,7523,2348,22494,2543,251143,14231,22749,18705,27246,8261,4561,33474,293,40.7598116,-73.97927906,99,0.1 km,0.1 km,0.3 km
"lark Street, New York, New York",5882,2500,122,5060,1422,48512,13932,12035,4878,13602,1451,1768,10526,100,41.5020532,-74.12120288,1,10.1 km,4.3 km,2.7 km
"lasson Avenue, New York, New York",2612,1068,292,2467,1223,7113,5795,8475,3426,881,1866,124,4689,20,40.688873,-73.96007,97,74 m,1 m,1 m
"leveland Street, New York, New York",2482,2191,448,895,708,2439,2434,3383,1225,990,178,47,1734,14,40.6796142,-73.8857367,85,0.3 km,0.1 km,29 m
"linton–Washington Avenues, New York, New York",2138,1085,327,2665,1245,4572,8209,11608,2433,909,726,113,2948,18,40.688089,-73.9668389,96,0.1 km,58 m,13 m
"ney Island–Stillwell Avenue†, New York, New York",677,861,217,883,398,1659,1951,2189,1077,958,562,45,761,19,40.577422,-73.981233,88,0.4 km,,
"rtelyou Road, New York, New York",1699,1273,871,1842,1013,5651,2484,9920,1869,604,240,70,2669,22,40.640927,-73.963891,90,0.5 km,0.1 km,0.2 km
"urt Square–23rd Street†, New York, New York",13106,7587,1017,3839,669,9982,3322,3466,2174,1720,890,787,3378,77,40.7478095,-73.9457377,98,0.3 km,22 m,16 m
"rescent Street, New York, New York",660,553,813,900,524,3273,1408,2128,1807,456,404,55,1567,21,40.6833496,-73.873286,76,1.0 km,30 m,4 m
"rown Heights–Utica Avenue†, New York, New York",1515,966,257,1367,835,5316,4985,4909,2328,387,1300,93,4348,17,40.6688226,-73.9311116,96,0.5 km,39 m,13 m
"ypress Avenue, New York, New York",3320,2485,276,1907,771,4173,4041,11592,1519,1632,236,133,2877,36,40.8051423,-73.9135096,85,84 m,20 m,20 m
"ypress Hills, New York, New York",1738,1249,506,684,391,1686,2257,2675,860,1029,187,24,1566,14,40.6770477,-73.8912474,86,0.4 km,0.1 km,0.2 km
"DeKalb Avenue, New York, New York",877,259,150,824,515,1553,2886,25343,787,295,229,36,1181,33,40.690635,-73.981824,99,27 m,89 m,0.1 km
"Delancey Street-Essex Street, New York, New York",10377,5913,2330,20823,4098,89265,27625,17420,25401,17580,8988,3812,23351,102,40.7183982,-73.9874236,100,0.2 km,78 m,20 m
"Ditmas Avenue, New York, New York",2275,2062,815,1216,760,2921,2568,12712,1352,206,140,16,2299,25,40.636119,-73.978172,90,0.3 km,67 m,34 m
"Dyckman Street, New York, New York",823,738,289,1138,736,3916,9538,2824,2013,378,617,41,1687,17,40.8688272,-73.9312014,69,0.1 km,0.7 km,40 m
"Eastchester–Dyre Avenue†, New York, New York",1962,1006,545,1249,288,1115,327,752,540,395,124,30,573,26,40.88894,-73.8303886,84,0.8 km,0.2 km,41 m
"Eastern Parkway–Brooklyn Museum, New York, New York",1439,1018,190,1633,795,6040,4109,8889,2964,367,1722,91,3571,20,40.6719337,-73.9642451,95,0.1 km,10 m,10 m
"East 105th Street, New York, New York",1837,1401,218,3038,1340,8819,6751,22875,4346,657,2160,203,6991,31,40.6512183,-73.8990872,59,0.3 km,11 m,11 m
"East 143rd Street–St. Mary's Street, New York, New York",4306,3909,303,2088,848,3539,4582,9799,1441,1616,144,88,2497,33,40.8082006,-73.907817,78,0.4 km,18 m,18 m
"East 149th Street, New York, New York",4565,4413,417,2463,1270,4537,5626,10342,2010,1712,206,104,3441,28,40.8120839,-73.9041639,85,0.2 km,1 m,1 m
"East 180th Street, New York, New York",1553,805,371,1330,746,2592,3825,4675,1529,755,575,36,1986,14,40.8418946,-73.8735195,81,0.2 km,2 m,2 m
"East Broadway, New York, New York",6558,4539,1116,16458,2234,72705,11972,15316,16688,15346,6743,3053,14272,100,40.7325184,-73.9912731,100,0.2 km,0.2 km,10 m
"Eighth Avenue, New York, New York",36214,19882,670,58933,4202,233907,21405,24766,30903,3574,16094,8165,40404,276,40.7413853,-74.0032719,100,0.2 km,0.1 km,0.3 km
"Eighth Street–New York University, New York, New York",20001,9416,559,37968,4578,135139,29360,35824,33008,3609,12476,5119,26019,130,40.7286075,-74.0026868,100,1 m,5 m,5 m
"Elder Avenue, New York, New York",2308,3164,476,1261,1332,2314,2428,2540,1552,753,91,42,1814,14,40.8285948,-73.8791931,91,0.5 km,1 m,1 m
"Elmhurst Avenue, New York, New York",2185,1038,363,5423,1054,5560,4559,7452,4542,635,251,86,2117,14,40.7372246,-73.8772168,99,60 m,79 m,2 m
"Euclid Avenue†, New York, New York",1498,1319,291,876,604,2028,2227,2317,1097,571,242,29,1211,11,40.6754182,-73.871912,87,0.2 km,1 m,1 m
"Far Rockaway–Mott Avenue†, New York, New York",521,11062,140,326,176,972,2463,4496,423,198,56,146,943,34,40.6045336,-73.7543833,88,0.4 km,48 m,25 m
"Fifth Avenue-53rd Street, New York, New York",6788,2793,279,11476,2746,28386,11051,40492,12263,1446,10139,2262,14343,52,40.7605598,-73.9759537,98,74 m,57 m,44 m
"Fifth Avenue–59th Street, New York, New York",6788,2793,279,11476,2746,28386,11051,40492,12263,1446,10139,2262,14343,52,40.7648269,-73.9726747,98,3 m,3 m,3 m
"First Avenue, New York, New York",2231,1444,323,2960,888,6990,5077,7837,3102,5752,856,72,6627,29,40.73255,-73.9798111,98,0.3 km,0.2 km,4 m
"Flatbush Avenue–Brooklyn College†, New York, New York",1742,1996,240,2633,1247,6386,4235,9676,4011,389,2364,154,3853,26,40.6328717,-73.9476352,91,0.4 km,1 m,1 m
"Flushing Avenue, New York, New York",4501,2751,340,3254,1435,7715,4660,7001,2478,1067,425,252,3340,20,40.7002809,-73.9411682,98,0.3 km,1 m,1 m
"Flushing–Main Street, New York, New York",7671,1441,476,3275,1048,7470,1877,17074,2560,487,756,598,2463,39,40.7585195,-73.8298574,100,0.2 km,39 m,6 m
"Fordham Road, New York, New York",1528,713,325,1287,700,3131,6347,5231,1921,723,896,109,2420,19,40.861296,-73.897749,98,0.2 km,1 m,1 m
"Forest Avenue, New York, New York",3435,3578,442,2385,1585,6094,7916,17325,2294,2060,242,104,4201,26,40.721691,-73.844521,99,0.2 km,1 m,1 m
"Forest Hills–71st Avenue†, New York, New York",708,328,88,560,440,2460,1324,1412,680,345,194,242,478,42,40.721691,-73.844521,99,0.2 km,1 m,1 m
"Fort Hamilton Parkway, New York, New York",1927,1582,1361,2237,1125,6771,2810,5992,2577,642,378,65,2693,19,40.650782,-73.975776,92,39 m,0.1 km,0.2 km
"Fourth Avenue-Ninth Street, New York, New York",21691,10235,551,37733,4528,134112,30119,44357,32571,2678,10763,5999,27192,130,40.75343345,-74.00308131,97,0.3 km,0.2 km,0.2 km
"Grand Army Plaza, New York, New York",1831,2082,259,2833,1264,6691,4795,9574,4047,476,2464,174,4120,26,40.6748963,-73.9708739,99,0.1 km,57 m,72 m
"Grand Avenue–Newtown, New York, New York",2250,992,334,5698,892,5130,3063,7210,3696,9018,253,125,1784,21,40.7372246,-73.8772168,99,60 m,79 m,2 m
"Grand Central–42nd Street, New York, New York",61571,39793,803,82412,3782,636538,17764,62773,47256,14379,23258,29458,63764,581,40.7517716,-73.9768249,100,0.2 km,29 m,8 m
"Grand Street, New York, New York",4487,3112,262,11375,1878,25809,9295,9600,13929,6240,5510,1826,8444,57,40.7229615,-74.0049209,100,46 m,28 m,24 m
"Grant Avenue, New York, New York",2046,2309,544,1484,1589,5316,7068,17127,2312,2903,576,71,3529,19,40.6768466,-73.8653952,88,0.3 km,3 m,3 m
"Greenpoint Avenue, New York, New York",6510,4718,331,1550,1138,6102,661,1193,1897,818,641,334,1754,43,40.7297129,-73.9593891,95,0.1 km,69 m,15 m
"Gun Hill Road, New York, New York",580,292,177,2706,363,4634,1495,11738,1262,364,133,27,1314,41,40.8776606,-73.8663902,89,47 m,11 m,11 m
"Halsey Street, New York, New York",1704,1882,569,1614,517,3265,2030,5643,1646,400,141,47,1743,20,40.6863449,-73.9165406,94,0.4 km,1 m,1 m
"Harlem–148th Street, New York, New York",282,2911,117,124,33,856,254,146,796,488,2,1102,258,53,40.823712,-73.9361014,94,0.7 km,72 m,28 m
"Hewes Street, New York, New York",4836,2203,287,3469,1561,9634,5825,5280,3147,636,815,235,3281,23,40.7068552,-73.9533503,95,92 m,6 m,6 m
"High Street, New York, New York",4218,1649,109,4408,1232,16300,13723,11507,3875,11069,1213,1298,7103,66,40.6992975,-73.9914349,98,0.2 km,15 m,15 m
"Houston Street, New York, New York",451,238,218,1766,979,1300,941,1676,1092,612,87,38,806,20,40.7225041,-73.9869868,100,61 m,71 m,56 m
"Howard Beach–JFK Airport, New York, New York",146,1620,3,116,10,611,0,26,576,189,0,24,131,55,40.6604335,-73.8302749,60,0.7 km,1 m,1 m
"Hoyt Street, New York, New York",4869,2824,268,5186,1633,12695,14754,12079,5177,11574,1991,1420,8381,52,40.6905128,-73.9849862,99,0.2 km,4 m,4 m
"Hoyt–Schermerhorn Streets, New York, New York",4818,2664,212,5880,2115,14109,16581,12406,5454,11308,2005,1382,8847,96,40.688484,-73.985001,98,0.3 km,0.2 km,4 m
"Hunters Point Avenue, New York, New York",12320,4126,238,2931,892,30990,3220,22177,3556,8790,1607,1370,7954,31,40.7424147,-73.9481036,93,0.3 km,4 m,4 m
"Hunts Point Avenue, New York, New York",4533,7348,542,1145,1369,2506,2074,2137,1273,835,72,17,1753,24,40.8208004,-73.8908065,94,7 m,7 m,7 m
"Intervale Avenue, New York, New York",4345,5166,672,1646,1758,3542,5045,7905,1774,1166,175,48,2837,18,40.8221585,-73.8967991,92,0.1 km,3 m,3 m
"Inwood–207th Street, New York, New York",471,199,44,569,286,1902,1268,1354,887,26,177,245,728,25,40.8677645,-73.9210552,98,0.3 km,14 m,14 m
"Jackson Avenue, New York, New York",3199,3130,433,2385,1576,6078,8048,18166,2295,1992,244,101,4190,15,40.816519,-73.90778,89,0.2 km,12 m,12 m
"Jackson Heights–Roosevelt Avenue-74th Street, New York, New York",2673,1294,1154,2310,868,5699,2741,7189,3079,677,363,152,2300,11,40.7467349,-73.89256162,97,0.1 km,61 m,3 m
"Jamaica Center–Parsons-Archer, New York, New York",1711,725,235,817,731,1784,1778,997,962,104,88,3,1241,25,40.7023276,-73.8007029,98,0.4 km,15 m,15 m
"Jamaica–179th Street, New York, New York",1182,794,656,1811,279,5190,2913,4811,1060,2045,115,36,1663,29,40.712646,-73.783817,93,0.1 km,,
"Jamaica–Van Wyck, New York, New York",2746,2726,770,1816,621,7723,2498,8212,1799,893,147,212,2640,291,40.7027233,-73.8172106,95,0.5 km,1 m,1 m
"Jay Street–MetroTech, New York, New York",15127,7283,2308,23911,2704,253675,14806,22117,20805,26644,8754,4587,34142,86,40.692338,-73.987342,100,0.4 km,1 m,1 m
"Jefferson Street, New York, New York",5270,3664,298,14368,2024,57389,8329,12125,14845,12704,6042,2260,11323,18,40.7066877,-73.9230698,96,0.4 km,79 m,33 m
"Junction Boulevard, New York, New York",1766,815,170,5134,704,5085,2854,5260,3222,9264,321,56,1850,22,40.7491675,-73.8694786,98,0.2 km,6 m,6 m
"Junius Street, New York, New York",2305,1780,557,1416,564,2457,3605,12754,1354,970,111,67,2009,19,40.6635137,-73.9024354,73,38 m,47 m,47 m
"Kew Gardens–Union Turnpike, New York, New York",1541,1087,166,1477,569,1779,1770,634,1132,29,125,9,1143,18,40.714441,-73.831008,95,0.1 km,78 m,7 m
"Kingsbridge Road, New York, New York",1775,951,267,3189,1240,4725,9309,10076,2431,858,622,104,2539,18,40.8676734,-73.8972491,91,0.1 km,28 m,28 m
"Kingston Avenue, New York, New York",1896,1457,278,1711,938,6791,4970,9047,2374,1123,672,112,4742,19,40.6694074,-73.9421829,96,0.6 km,13 m,13 m
"Kingston–Throop Avenues, New York, New York",1590,486,548,954,426,2261,2186,8772,1236,546,82,14,1582,21,40.6798863,-73.9407616,96,0.3 km,38 m,5 m
"Kings Highway, New York, New York",1365,1154,588,1603,722,3153,3951,17879,1741,775,209,40,2278,24,40.6086699,-73.957734,96,0.3 km,5 m,5 m
"Knickerbocker Avenue, New York, New York",3658,5637,225,2721,1547,4765,4236,7518,2565,1086,403,137,2837,16,40.6987479,-73.9189811,97,0.1 km,47 m,90 m
"Kosciuszko Street, New York, New York",2212,1327,193,2263,910,5163,4453,8945,2448,1201,347,139,3423,21,40.6934095,-73.9289536,96,0.1 km,47 m,1 m
"Lafayette Avenue, New York, New York",1231,2213,277,1430,561,1597,2440,2178,1163,412,81,8,1090,504,40.6863074,-73.9744304,98,0.1 km,1 m,1 m
"Lexington Avenue-51st Street, New York, New York",42934,28358,590,61168,3518,535483,12031,40979,38194,13162,19292,25628,49589,26,40.7571476,-73.9720784,99,0.1 km,35 m,
"Lexington Avenue-59th Street, New York, New York",1254,962,399,1237,623,1267,975,2484,777,861,123,17,1173,34,40.7627515,-73.9674728,98,0.3 km,8 m,8 m
"Lexington Avenue–63rd Street, New York, New York",3192,1718,432,4341,1074,9043,6466,15720,4090,6707,1230,188,7209,14,40.764629,-73.966113,99,0.3 km,,
"Liberty Avenue, New York, New York",2222,1507,478,1210,471,2693,3453,3696,1332,1017,159,58,1967,20,40.7023806,-73.792307,95,0.2 km,49 m,38 m
"Livonia Avenue, New York, New York",2273,1738,503,1551,612,2573,3713,12572,1140,849,153,52,1985,26,40.6662999,-73.8837211,81,92 m,,
"Longwood Avenue, New York, New York",4288,5690,561,1252,1427,2736,3770,2439,1334,976,89,19,2120,22,40.8162916,-73.8962205,90,0.3 km,1 m,1 m
"Lorimer Street, New York, New York",5374,2818,354,3751,1510,9533,5008,7027,3418,845,680,267,3474,22,40.7038293,-73.9473618,94,82 m,9 m,9 m
"Marble Hill–225th Street, New York, New York",1071,5727,279,2244,984,3595,4744,8410,1961,350,494,33,2008,18,40.8742974,-73.9101947,94,0.3 km,8 m,1 m
"Marcy Avenue, New York, New York",3045,1497,312,1835,964,5939,5452,8944,2369,938,666,133,4001,24,40.7084064,-73.9579142,99,81 m,1 m,1 m
"Metropolitan Avenue-Lorimer Street, New York, New York",5289,3135,283,3226,2257,9020,3953,3605,4345,812,809,421,3375,43,40.7140621,-73.9502126,99,0.3 km,41 m,5 m
"Mets–Willets Point, New York, New York",7505,1368,575,3086,794,6236,1360,5341,2061,504,939,667,1786,31,40.7524337,-73.8441172,46,0.3 km,1 m,1 m
"Middletown Road, New York, New York",463,231,222,264,319,3371,424,5056,465,17,88,37,1189,19,40.8439123,-73.836261,94,0.8 km,6 m,6 m
"Middle Village–Metropolitan Avenue, New York, New York",1713,1417,219,1265,440,1936,1384,743,939,67,144,22,1009,23,40.7115203,-73.8895607,81,2.5 km,0.1 km,0.3 km
"Montrose Avenue, New York, New York",5381,2550,315,4020,2290,10143,4845,7139,3896,637,716,330,3547,32,40.7076636,-73.9398247,98,0.2 km,1 m,1 m
"Morgan Avenue, New York, New York",1336,470,408,2801,337,3186,3260,9677,1779,345,81,14,1015,12,40.7062248,-73.9326982,96,0.2 km,0.1 km,4 m
"Morrison Avenue–Soundview, New York, New York",1584,2389,401,970,1209,1801,2430,1727,1130,449,74,21,1285,28,40.8294972,-73.8746243,93,0.4 km,1 m,1 m
"Morris Park, New York, New York",1891,573,437,1151,742,3539,3382,13911,1497,367,379,55,2455,31,40.6903809,-73.8159675,90,1.0 km,0.1 km,17 m
"Mosholu Parkway, New York, New York",1931,618,407,2013,863,3927,8396,26774,1790,750,752,29,2348,18,40.8797323,-73.8846699,92,0.2 km,8 m,8 m
"Mount Eden Avenue, New York, New York",2087,2519,606,1652,1273,3868,10881,12518,2054,1649,412,46,3019,18,40.8443436,-73.9147452,91,70 m,20 m,20 m
"Myrtle Avenue, New York, New York",3847,1964,309,3135,1023,7500,4781,7811,2099,1200,505,190,3670,17,40.6994961,-73.9117908,99,0.2 km,88 m,1 m
"Myrtle–Willoughby Avenues, New York, New York",3583,1756,291,3097,928,7204,4754,7896,2256,1227,486,173,3824,20,40.6945679,-73.949046,91,0.1 km,94 m,27 m
"Myrtle–Wyckoff Avenues, New York, New York",3498,4847,206,2266,1213,4528,4016,4606,2535,745,358,116,2482,36,40.6994961,-73.9117908,99,0.2 km,88 m,1 m
"Nassau Avenue, New York, New York",5836,4291,354,1789,1692,6059,921,1463,2614,391,615,346,2074,24,40.724635,-73.951277,99,0.3 km,60 m,8 m
"Neck Road, New York, New York",317,232,42,398,63,561,640,377,257,247,137,3,274,22,40.595246,-73.955161,94,0.4 km,9 m,9 m
"Neptune Avenue, New York, New York",1706,1493,414,1331,717,4850,2476,7079,1156,751,204,39,1531,14,40.5810109,-73.974574,88,0.3 km,17 m,17 m
"Nereid Avenue, New York, New York",1583,858,261,617,423,1999,1384,1267,927,607,332,23,1554,49,40.8984462,-73.8543357,89,0.5 km,2 m,2 m
"Nevins Street, New York, New York",4350,2656,221,5343,1714,13090,14604,12678,5609,11399,2001,1338,8379,18,40.6887102,-73.9808138,99,0.2 km,45 m,0.1 km
"Newkirk Avenue–Little Haiti, New York, New York",1518,1073,520,2315,824,11168,3024,3156,1676,311,337,93,2566,19,40.6399641,-73.9483922,92,0.2 km,1 m,1 m
"Newkirk Plaza, New York, New York",2528,1576,314,3150,1051,11495,4150,4897,1892,352,542,79,2981,24,40.6349745,-73.9627764,90,0.4 km,2 m,2 m
"New Lots Avenue, New York, New York",2163,2210,563,1807,653,2705,3146,13259,1235,719,98,46,1885,309,40.6662999,-73.8837211,81,92 m,,
"Ninth Avenue, New York, New York",30043,19012,640,57022,3230,216463,13667,22640,27083,3313,14950,7773,37091,26,43.0626979,-74.3358807,64,0.6 km,2.1 km,0.1 km
"Northern Boulevard, New York, New York",505,158,464,252,74,1382,1462,893,504,84,88,8,716,10,40.7530794,-73.9062074,90,0.1 km,0.1 km,27 m
"Norwood Avenue, New York, New York",815,615,291,623,544,1463,2351,1500,933,530,174,20,1318,17,40.6817017,-73.8790759,83,0.4 km,1 m,1 m
"Norwood–205th Street, New York, New York",463,183,46,573,290,1792,1286,1549,886,18,180,245,778,16,40.873792,-73.876684,85,0.1 km,78 m,36 m
"Nostrand Avenue, New York, New York",1979,1015,315,1443,892,5482,4396,7818,2614,741,690,113,4548,19,40.6698674,-73.9505172,97,0.6 km,34 m,34 m
"Ocean Parkway, New York, New York",2373,1922,385,2673,832,5626,5182,5459,1497,151,160,123,2667,28,40.576312,-73.968501,94,0.2 km,,
"Ozone Park–Lefferts Boulevard, New York, New York",545,773,42,293,174,859,476,438,1425,364,572,238,438,14,40.6859461,-73.8258664,93,1.1 km,6 m,6 m
"Parkchester, New York, New York",1802,1125,572,1645,745,3458,2452,4837,1934,542,315,23,2028,13,40.8389893,-73.8604128,96,0.2 km,40 m,3 m
"Parkside Avenue, New York, New York",965,934,209,1842,820,4155,2565,3383,1749,187,926,53,2821,326,40.655292,-73.961495,93,0.2 km,,
"Park Place, New York, New York",14231,6801,2290,19481,2212,249518,13482,21021,17118,27323,7557,4482,32461,39,40.7132181,-74.0091645,100,43 m,7 m,7 m
"Parsons Boulevard, New York, New York",7192,1257,328,2161,918,5935,1714,6152,2026,657,265,517,3168,20,40.707564,-73.803326,97,0.2 km,2 m,2 m
"Pelham Bay Park, New York, New York",28,6,5,4,0,58,0,11,59,327,123,0,22,22,40.852548,-73.827938,87,0.8 km,37 m,9 m
"Pelham Parkway, New York, New York",1610,392,305,840,515,2760,2946,7964,1328,653,812,9,1995,20,40.857229,-73.8676281,94,0.3 km,1 m,1 m
"Pennsylvania Avenue, New York, New York",874,1075,224,2591,574,1555,1107,1590,1404,1146,34,20,684,20,40.6646501,-73.894767,86,0.2 km,66 m,47 m
"President Street–Medgar Evers College, New York, New York",1700,962,273,1542,932,5341,5240,11860,2351,963,1210,108,4618,143,40.6680739,-73.9506525,96,0.5 km,1 m,1 m
"Prince Street, New York, New York",15128,5898,836,24905,3755,104220,26304,15190,26633,11242,10267,3863,23487,20,40.724329,-73.997702,100,0.3 km,1 m,1 m
"Prospect Avenue, New York, New York",1980,828,340,2149,915,3794,7311,6392,2188,874,956,121,2576,18,40.665414,-73.992872,98,0.3 km,3 m,3 m
"Prospect Park, New York, New York",900,714,116,1748,655,4836,3417,8344,1791,245,1393,44,2383,65,40.661614,-73.9622459,93,0.2 km,0.3 km,0.1 km
"Queensboro Plaza, New York, New York",12522,7506,998,3770,717,10495,3450,3506,2314,1840,962,732,3894,65,40.750607,-73.9402599,97,0.5 km,1 m,1 m
"Queens Plaza, New York, New York",13046,7779,1128,4099,697,10900,3610,3759,2888,1767,1024,704,4101,13,40.7491009,-73.9372155,98,0.2 km,28 m,28 m
"Ralph Avenue, New York, New York",1357,1491,137,1303,906,5313,4713,3825,2330,1267,392,137,3213,387,40.6788802,-73.9216651,88,0.3 km,15 m,1 m
"Rector Street, New York, New York",9714,4909,2196,10800,1468,220842,11630,17612,10749,26512,4042,3249,28451,16,40.70722,-74.013342,100,60 m,0.1 km,0.1 km
"Rockaway Avenue, New York, New York",2215,1765,440,1298,557,4678,3031,3737,1620,1401,205,72,2211,12,40.6782698,-73.910782,89,0.1 km,22 m,1 m
"Rockaway Boulevard, New York, New York",2362,998,413,1087,832,2203,2561,1863,1468,176,202,33,1468,22,40.6804488,-73.8437863,95,33 m,4 m,4 m
"Rockaway Park–Beach 116th Street, New York, New York",304,82,39,173,127,626,754,949,248,74,37,20,216,46,40.5807608,-73.8361477,85,0.6 km,0.6 km,0.7 km
"Roosevelt Island, New York, New York",5443,3879,586,7163,1953,17815,6015,32245,6547,883,1902,880,7639,15,40.7592379,-73.9593111,97,65 m,17 m,18 m
"Saratoga Avenue, New York, New York",1977,1656,313,1377,642,5162,3273,3372,1959,1567,243,85,2383,30,40.6614669,-73.9162746,84,0.4 km,20 m,6 m
"Second Avenue, New York, New York",2092,1368,329,3281,921,7412,5627,10723,3554,5955,1027,113,7046,21,42.7815578,-73.928904,49,0.5 km,5.1 km,39 m
"Seneca Avenue, New York, New York",4341,5485,551,1335,1509,2960,3442,2589,1444,902,84,43,2090,455,40.7028171,-73.9076756,93,0.3 km,1 m,1 m
"Seventh Avenue, New York, New York",57388,39466,1170,84219,3797,551687,18184,39693,45520,6539,25585,21195,61564,22,40.76287095,-73.98252421,99,0.4 km,5 m,2 m
"Sheepshead Bay, New York, New York",1918,1279,451,1438,688,6291,2886,4210,1655,379,124,51,1878,13,40.5912161,-73.9445822,90,0.2 km,0.3 km,0.1 km
"Shepherd Avenue, New York, New York",2005,1910,393,918,735,2421,2515,3470,1093,793,181,37,1641,22,40.6740912,-73.8808063,76,0.2 km,1 m,1 m
"Simpson Street, New York, New York",4342,5222,663,1588,1830,3408,4879,8101,1733,954,106,46,2800,31,40.824126,-73.8929633,93,0.2 km,1 m,1 m
"Smith–Ninth Streets, New York, New York",4211,3498,378,2798,963,5280,2714,2788,2660,788,1066,284,2760,427,40.72914525,-73.99507565,100,0.2 km,0.2 km,57 m
"South Ferry-Whitehall Street, New York, New York",8820,3732,2195,8701,1097,200955,8734,14969,7999,23821,3461,2912,26649,196,40.7030869,-74.012994,98,61 m,85 m,9 m
"Spring Street, New York, New York",9081,4940,2258,23265,2694,137150,25140,11614,21372,14430,9065,3101,23883,12,40.7249123,-74.0026845,100,83 m,0.1 km,16 m
"St. Lawrence Avenue, New York, New York",782,3167,137,565,778,853,1907,1164,675,402,25,0,622,27,40.8316162,-73.8672666,96,0.4 km,5 m,1 m
"Steinway Street, New York, New York",4603,2674,1257,3199,931,7505,2497,5241,3903,479,766,59,3132,18,40.7575068,-73.9201758,98,0.3 km,90 m,0.2 km
"Sterling Street, New York, New York",1127,771,178,1536,695,5070,4850,9382,1855,894,1266,38,4059,29,40.6630955,-73.9508689,97,0.1 km,1 m,12 m
"Sutphin Boulevard, New York, New York",2050,2177,749,1999,408,7813,2322,6338,1720,2063,130,230,2299,9,40.70546,-73.810708,95,0.5 km,0.1 km,15 m
"Sutphin Boulevard–Archer Avenue–JFK Airport, New York, New York",518,834,107,321,225,800,1077,774,708,240,85,923,551,18,40.7001994,-73.8088601,95,0.2 km,48 m,47 m
"Sutter Avenue, New York, New York",2011,1657,379,1514,614,2756,3785,13024,1482,1131,222,51,2180,20,40.6648322,-73.9227587,86,0.3 km,3 m,41 m
"Sutter Avenue–Rutland Road, New York, New York",1189,1608,382,1760,846,3262,3571,18754,1851,1272,419,54,2941,30,40.6648322,-73.9227587,86,0.3 km,3 m,41 m
"Third Avenue, New York, New York",2112,1532,329,3694,964,8332,6534,10826,4051,6845,1404,120,7382,30,40.8143702,-73.9208338,95,0.3 km,91 m,14 m
"Third Avenue–138th Street, New York, New York",2112,1532,329,3694,964,8332,6534,10826,4051,6845,1404,120,7382,138,40.8249209,-73.9083423,88,0.2 km,45 m,13 m
"Third Avenue–149th Street, New York, New York",23908,11361,540,36765,4110,138713,29614,57948,29732,2365,10131,5560,27674,560,40.8120839,-73.9041639,85,0.2 km,1 m,1 m
"Times Square–42nd Street, New York, New York",60994,39419,2489,84249,4503,635101,16118,41128,46631,10261,26071,30131,64412,21,40.7552858,-73.9872162,99,0.2 km,22 m,6 m
"Tremont Avenue, New York, New York",355,161,161,1424,886,1305,1515,1618,1019,239,127,46,594,20,40.8504099,-73.905227,92,0.1 km,1 m,1 m
"Union Street, New York, New York",1215,1620,416,1647,826,3074,3610,18759,1858,1200,285,55,2788,16,40.7362396,-73.9887389,100,0.3 km,0.1 km,3 m
"Utica Avenue, New York, New York",1549,1521,201,1418,854,5952,3764,6200,2182,1222,499,113,4208,20,40.679347,-73.9308408,89,72 m,17 m,17 m
"Van Cortlandt Park–242nd Street, New York, New York",633,347,117,963,482,1787,3348,2576,1099,253,422,21,1231,23,40.8894635,-73.898489,89,0.4 km,9 m,9 m
"Van Siclen Avenue, New York, New York",1366,1522,246,2701,594,1595,1055,1167,1371,1215,35,25,714,38,40.6654867,-73.889236,82,0.1 km,20 m,20 m
"Vernon Boulevard–Jackson Avenue, New York, New York",4990,3295,648,3453,1146,11420,4395,26119,3623,537,875,519,5016,18,40.7426919,-73.9540014,98,57 m,8 m,8 m
"Wakefield–241st Street, New York, New York",2404,1356,317,824,418,2340,1690,2324,1048,1247,317,22,2008,360,40.9031569,-73.8506021,82,0.7 km,32 m,70 m
"Wall Street, New York, New York",10031,5117,2235,11483,1586,223548,11933,18151,11788,26606,4613,3386,28961,32,40.7059917,-74.0087767,100,0.2 km,72 m,1 m
"Westchester Square–East Tremont Avenue, New York, New York",1750,1125,593,1221,633,5615,2219,9754,1559,396,182,67,2310,157,40.8400475,-73.8427671,96,52 m,10 m,10 m
"West Eighth Street–New York Aquarium, New York, New York",20557,10000,542,39168,4404,145237,28018,32874,32593,2957,11483,5678,27087,20,40.72914525,-73.99507565,100,0.2 km,0.2 km,57 m
"West Farms Square–East Tremont Avenue, New York, New York",2885,2337,575,2030,1339,4254,11554,14866,2523,878,302,113,3058,151,40.8406659,-73.8796826,87,0.3 km,12 m,12 m
"West Fourth Street–Washington Square, New York, New York",17146,6699,416,35499,3943,120228,25077,17489,29476,3838,11011,4317,23119,20,40.731643,-74.0009941,100,22 m,69 m,20 m
"Whitlock Avenue, New York, New York",3627,4768,529,1348,1464,3081,4434,5186,1540,839,94,43,2330,12,40.8265891,-73.8862747,79,0.4 km,1.8 km,1.8 km
"Wilson Avenue, New York, New York",1448,470,609,542,578,1918,2894,2718,1193,455,63,25,1525,21,40.6885422,-73.9042827,78,1.2 km,1 m,1 m
"Winthrop Street, New York, New York",1240,990,343,1676,851,3231,3927,20037,1725,1000,396,41,2873,20,40.6570982,-73.9502145,95,0.4 km,14 m,14 m
"Woodhaven Boulevard, New York, New York",1219,1099,162,1414,551,2003,1430,674,1003,29,134,115,899,16,40.7332625,-73.8697005,96,0.2 km,61 m,0.2 km
"Woodlawn, New York, New York",874,436,173,512,365,1381,931,1244,701,256,271,23,998,212,40.898155,-73.8673573,87,0.9 km,58 m,2 m
"WTC Cortlandt, New York, New York",13581,7251,2341,25086,3198,229825,27033,21790,24321,24049,9711,5481,32334,221,40.7111153,-74.0122698,100,61 m,70 m,1 m
"York Street, New York, New York",12407,6715,2289,25177,3112,211902,25749,18772,24024,22527,9754,5091,29619,22,40.72914525,-73.99507565,100,0.2 km,0.2 km,57 m
"Zerega Avenue, New York, New York",903,1881,213,1064,332,611,2268,1327,502,539,35,8,640,159,40.8367792,-73.8466904,94,0.3 km,1 m,1 m
"12th Street Oakland City Center, Oakland",6454,9980,497,2392,572,24647,2850,5300,3503,13933,1316,825,7127,87,37.8034958,-122.271692,100,0.1 km,62 m,4 m
"16th Street Mission, San Francisco",6322,6178,1344,5231,4081,20964,4228,6142,6423,14192,3550,1227,7204,128,37.7647569,-122.4223632,99,0.3 km,16 m,1 m
"19th Street Oakland, Oakland",6509,8359,589,2464,676,24847,3055,7846,3600,13928,1321,799,7417,35,37.807894,-122.2688878,100,0.3 km,29 m,11 m
"24th Street Mission, San Francisco",2481,1695,453,2030,974,7285,1923,3489,3716,1274,796,150,3149,46,37.7522559,-122.418449,100,0.5 km,1 m,1 m
"Antioch, Antioch, San Francisco",564,531,767,602,35,670,347,290,664,485,244,12,584,105,39.0648291,8.4562962,81,0.2 km,0.2 km,0.2 km
"Ashby, Berkeley",919,567,385,2284,586,11273,36781,2392,2441,1798,1448,380,3189,12,37.8529812,-122.269711,95,0.5 km,9 m,9 m
"Balboa Park, San Francisco",596,267,138,317,559,1454,1289,1500,984,149,292,19,654,27,37.7214274,-122.4475473,86,0.2 km,21 m,21 m
"Bay Fair, San Leandro",475,301,278,1070,185,2000,525,1728,858,1260,140,0,474,37,37.6975821,-122.1273405,77,0.8 km,0.1 km,85 m
"Berryessa-North San José, San José",3773,1007,225,595,130,2375,472,263,488,598,48,9,320,30,37.3683499,-121.8746417,47,0.3 km,1 m,1 m
"stro Valley, Castro Valley",336,217,316,623,461,1424,619,2715,997,131,106,52,826,136,37.71573685,-122.0906318,31,1.1 km,0.8 km,0.2 km
"vic Center-UN Plaza, San Francisco",7924,7131,1970,14135,4288,69493,5874,14548,12961,18915,6234,13729,14950,22,37.7793583,-122.4139639,98,0.2 km,28 m,28 m
"liseum, Oakland",1956,1073,420,405,125,1092,691,447,407,244,67,155,891,73,37.7539702,-122.1972051,65,0.5 km,55 m,5 m
"ncord, Concord, San Francisco",728,357,596,436,251,2608,724,5959,879,991,230,12,868,38,43.259909,-2.926501019,100,0.3 km,7 m,1 m
"Daly City, Daly City",549,512,623,1066,366,9086,610,1694,1278,991,368,58,926,86,37.6904826,-122.47267,88,0.4 km,53 m,53 m
"Downtown Berkeley, Berkeley",323,174,70,608,153,739,528,9964,940,111,232,24,460,149,37.87549965,-122.2390685,16,55 m,26 m,26 m
"Dublin-Pleasanton, Dublin-Pleasanton",3491,3060,1093,1945,314,7974,445,1156,1042,730,474,321,830,20,37.7016339,-121.898299,40,1.1 km,18 m,18 m
"El Cerrito del Norte, El Cerrito",279,260,206,763,147,560,458,373,493,1147,270,25,339,29,37.9251823,-122.3169068,88,0.5 km,1 m,1 m
"El Cerrito Plaza, El Cerrito",429,113,318,665,576,1528,714,1147,1090,416,206,29,1227,447,37.899719,-122.2995487,96,0.6 km,0.2 km,5 m
"Embarcadero, San Francisco",10061,5687,327,12311,1397,157811,4830,8595,11378,5710,2763,8484,13574,46,37.79448815,-122.3996223,100,0.1 km,0.1 km,
"Fremont, Fremont, San Francisco",444,272,107,919,776,3513,876,3540,1169,1634,1256,37,543,24,37.78999325,-122.3948792,99,0.3 km,0.3 km,13 m
"Fruitvale, Oakland",2017,1290,413,956,531,1412,1294,2197,1430,224,178,15,1185,17,37.7748464,-122.224095,96,0.9 km,0.1 km,0.1 km
"Glen Park, San Francisco",764,300,129,422,678,2707,998,2210,1226,308,357,18,919,10036,37.734281,-122.4344696,89,0.1 km,62 m,93 m
"Hayward, Hayward, San Francisco",1675,1742,128,480,163,999,31,98,99,29,22,11,220,230,37.660811,-122.1539868,0,0.3 km,3.0 km,0.3 km
"Lafayette, Lafayette",1364,492,169,431,179,3785,5807,6100,1278,4001,249,40,2061,109,30.2262187,-92.0178202,90,0.2 km,0.3 km,0.1 km
"Lake Merritt, Oakland",5574,7771,513,2206,564,21383,3017,5108,3177,12979,1150,538,6306,57,37.7972157,-122.265039,96,0.2 km,19 m,4 m
"MacArthur, Oakland",2570,1312,264,2431,555,3678,761,2124,1576,102,643,174,1218,45,37.8288064,-122.267125,92,0.6 km,1 m,1 m
"Millbrae, Millbrae, San Francisco",376,259,186,267,307,2158,596,2623,1135,335,158,453,622,82,37.6121077,-122.4028702,93,0.7 km,0.1 km,16 m
"Milpitas, Milpitas, San Francisco",7116,1348,191,526,332,3350,545,1265,1056,1139,151,226,527,223,37.4332273,-121.8989248,71,19 m,0.1 km,34 m
"Montgomery Street, San Francisco",11895,6607,665,17462,1791,173671,6709,12928,16022,6911,3648,14264,17588,136,37.7892283,-122.401472,99,73 m,1 m,5 m
"North Berkeley, Berkeley",695,503,165,1862,664,10969,36334,1684,1955,1543,1411,287,2564,38,37.8708393,-122.272863,99,0.1 km,51 m,19 m
"North Concord-Martinez, Concord, San Francisco",1269,475,55,297,44,619,144,219,128,211,164,0,169,83,38.0029897,-122.0243458,32,0.3 km,32 m,5 m
"Oakland International Airport, Oakland",152,463,41,61,11,294,28,58,101,104,24,21,157,95,37.72225915,-122.2170166,1,3.7 km,1.3 km,0.1 km
"Orinda, Orinda, San Francisco",156,114,56,159,156,1326,232,527,246,145,82,22,242,81,37.0268066,-121.6006578,24,0.7 km,1.5 km,0.6 km
"Pittsburg-Bay Point, Pittsburg, San Francisco",530,173,45,295,225,141,64,42,122,33,5,16,103,81,38.0182952,-121.9451489,47,2.5 km,61 m,0.4 km
"Pittsburg Center, Pittsburg, San Francisco",530,173,45,295,225,141,64,42,122,33,5,16,103,64,40.44615455,-80.00417135,80,0.2 km,0.3 km,1 m
"Pleasant Hill-Contra Costa Centre, Walnut Creek, San Francisco",1172,548,614,1091,263,6246,876,1620,860,559,195,594,694,189,37.9191998,-122.0998915,17,1.7 km,2.4 km,0.4 km
"Powell Street, San Francisco",10171,5033,938,17178,2359,161790,7213,15463,17184,9191,4584,14785,17886,29,37.7847076,-122.4071867,99,54 m,11 m,11 m
"Richmond, Richmond",625,3293,232,373,2156,853,675,958,390,1547,389,4,938,47,37.5385087,-77.43428,93,0.5 km,0.2 km,26 m
"Rockridge, Oakland",433,627,125,553,759,2220,1572,3849,1473,13,247,136,1168,48,37.8447574,-122.2512573,98,0.8 km,1 m,1 m
"San Bruno, San Bruno",958,928,364,1438,376,4395,528,622,1727,476,508,197,753,15712,37.6261715,-122.433243,32,2.9 km,2.7 km,89 m
"San Francisco International Airport, San Mateo County",0,1495,3,16,13,627,0,21,172,64,0,221,41,24,37.6162238,-122.3915235,37,7.3 km,70 m,19 m
"San Leandro, San Leandro",874,460,393,386,493,1968,636,1567,801,525,268,7,1015,82,37.7249296,-122.1560768,98,0.3 km,71 m,
"South Hayward, Hayward",0,0,0,0,0,0,0,0,0,0,0,0,0,82,37.6344666,-122.0569501,65,0.7 km,4 m,1 m
"South San Francisco, South San Francisco",4006,4365,397,1036,1125,5528,785,1031,1291,679,229,527,1566,155,37.6535403,-122.4168664,71,0.5 km,57 m,18 m
"Union City, South San Francisco",4006,4365,397,1036,1125,5528,785,1031,1291,679,229,527,1566,88,37.6633725,-122.4181018,24,0.2 km,1.7 km,0.2 km
"Walnut Creek, Walnut Creek",898,896,1259,3621,563,12095,599,3901,2922,1644,304,258,1752,198,37.9020731,-122.0618702,97,0.4 km,47 m,4 m
"Warm Springs-South Fremont, Fremont",3135,1217,355,805,156,2493,395,309,401,10,137,77,511,31,37.5032005,-121.939803,27,1.0 km,0.1 km,0.3 km
"West Dublin-Pleasanton, Dublin-Pleasanton",2013,1847,904,3527,535,5715,872,1530,1737,435,365,266,1131,31,37.6997514,-121.9281673,54,0.6 km,6 m,6 m
"West Oakland, Oakland",1417,1282,164,631,137,1091,553,766,308,101,220,14,751,48,37.8048919,-122.2951752,84,0.4 km,1 m,1 m
"6th Avenue, Hilltop, Tacoma",167,91,120,541,96,862,1184,2986,893,20,93,10,670,70,47.25107185,-122.4569243,88,0.4 km,0.1 km,0.2 km
"Angle Lake, SeaTac, Seattle",191,1457,106,89,138,508,65,160,295,697,176,450,638,89,47.4223439,-122.297814,61,0.3 km,3 m,3 m
"Beacon Hill, Beacon Hill, Seattle",2238,1736,447,1201,764,2461,800,2988,642,362,287,184,1287,18,47.5775857,-122.30996,85,0.2 km,0.1 km,29 m
"pitol Hill, Capitol Hill, Seattle",2447,789,343,2389,1431,17150,3357,25541,4504,1048,1300,1492,3063,206,47.6238307,-122.318368,95,0.1 km,0.2 km,83 m
"lumbia City, Columbia City, Seattle",266,366,70,166,394,674,425,1115,617,42,119,14,762,319,47.5579124,-122.2852162,94,0.4 km,93 m,8 m
"nvention Center 15th St, Downtown Tacoma",2175,1780,188,1535,114,8932,680,10700,1573,9382,562,445,1827,27,47.2495,-122.438557,94,0.3 km,1 m,1 m
"International District-Chinatown, Chinatown-International District, Seattle",6120,5525,382,4091,828,46174,2891,41683,6477,14812,2860,2739,5894,48,47.5983652,-122.327994,99,0.1 km,,
"Mount Baker, Mount Baker, Seattle",462,338,97,402,293,557,574,733,313,34,127,194,954,14,47.5785522,-122.2895262,74,0.3 km,0.1 km,81 m
"Northgate, Northgate, Seattle",475,198,202,823,241,2967,691,4420,782,293,205,135,725,490,47.7131534,-122.3212307,78,0.6 km,0.3 km,0.6 km
"Othello, NewHolly, Seattle",225,204,99,120,142,482,551,680,292,147,54,0,1153,16,47.5366592,-122.2938026,48,0.8 km,84 m,19 m
"Pioneer Square, Pioneer Square, Seattle",6563,6645,355,5717,989,65115,1737,38187,8250,14950,3327,4567,6574,19,47.6027217,-122.3313539,98,0.1 km,23 m,15 m
"Rainier Beach, Rainier Beach, Seattle",324,352,51,182,108,326,329,159,194,38,86,0,141,380,47.5230762,-122.270288,86,0.3 km,89 m,89 m
"Roosevelt, Roosevelt, Seattle",359,119,120,445,515,1181,944,1019,1028,21,343,15,873,116,47.6751482,-122.3177514,97,0.2 km,82 m,1 m
"SODO, SoDo, Seattle",3845,3705,582,1807,1203,4548,407,683,1085,1053,406,37,803,28,47.5798036,-122.3272789,61,0.7 km,60 m,60 m
"South 25th, Tacoma",1217,430,294,2706,81,2642,403,7914,863,455,133,164,877,124,47.2390803,-122.434205,73,1.0 km,,
"South 4th Stadium District, Tacoma",817,155,182,901,269,1777,1130,1099,470,825,230,52,1167,380,47.2592303,-122.4539723,86,0.4 km,0.1 km,1 m
"St. Joseph, Hilltop, Tacoma",1365,138,59,196,230,834,224,676,661,2,42,57,241,36,39.74592695,-94.82222873,15,1.1 km,1.1 km,84 m
"Stadium, SoDo, Seattle",3845,3705,582,1807,1203,4548,407,683,1085,1053,406,37,803,98,47.5784609,-122.2979308,89,0.3 km,0.1 km,2 m
"Stadium District, Stadium District, Tacoma",944,211,242,646,404,3455,1031,1435,733,865,261,79,1645,23,47.2637975,-122.4504275,93,0.2 km,0.2 km,79 m
"Tacoma Dome, Tacoma",1809,1316,194,1549,29,2183,234,693,593,1211,1577,228,736,184,47.2397436,-122.4291663,62,0.6 km,64 m,26 m
"Tacoma General, Hilltop, Tacoma",2,1,7,2,15,9,7,22,5,25,0,0,2,27,47.4475673,-122.3080159,26,7.3 km,2.3 km,1 m
"Theater District, Downtown Tacoma",1673,1292,198,1199,128,8731,812,12673,1730,9276,550,413,1936,184,47.2529501,-122.439304,98,0.1 km,2 m,2 m
"Tukwila International Boulevard, Tukwila",325,955,70,163,360,889,270,169,658,160,37,148,293,113,47.474097,-122.2843505,71,0.4 km,0.2 km,0.2 km
"Union Station 19th St, Downtown Tacoma",1673,1292,198,1199,128,8731,812,12673,1730,9276,550,413,1936,239,47.2448099,-122.43662,77,0.1 km,1 m,1 m
"University of Washington, University District, Seattle",567,381,317,2496,434,25759,4103,11528,2136,169,590,392,1708,107,47.65562275,-122.3027224,77,0.4 km,0.3 km,0.1 km
"University Street, Downtown Seattle",7599,6916,382,10171,1656,77765,4555,42533,11887,14665,4011,7043,10228,283,29.7661239,-95.35963163,81,0.3 km,0.6 km,1 m
"U District, University District, Seattle",533,377,301,2547,520,25628,4170,11605,2186,117,579,392,1725,38,47.6612984,-122.3131523,99,0.3 km,1 m,1 m
"Westlake, Downtown Seattle",7120,6787,338,7560,1577,73893,4281,41945,10816,14969,3803,6806,9569,34,47.5971401,-122.3281974,99,59 m,0.1 km,0.1 km
"Boston Allston Street, Boston",680,436,737,499,551,3141,1027,3616,1688,86,230,75,1347,49,42.3486046,-71.1376139,99,0.4 km,23 m,23 m
"Boston Bellingham Square, Boston",982,1552,80,309,558,1968,721,1540,703,1015,32,233,711,642,61.13043105,-149.8475141,99,0.8 km,1.0 km,1.7 km
"Boston Chelsea, Boston",1217,1719,208,358,606,2345,767,1410,702,1075,50,243,690,67,42.3856224,-71.0222833,99,0.7 km,0.2 km,83 m
"Boston Chinatown, Boston",7990,13864,168,4869,794,154612,5198,25951,11837,16198,4398,5065,16905,257,42.3513291,-71.0626228,99,85 m,19 m,45 m
"Boston Community College, Boston",252,284,27,184,208,2245,1293,515,690,2595,89,134,500,264,42.3736234,-71.0697182,99,0.4 km,8 m,8 m
"Boston East Berkeley Street, Boston",3087,8701,130,1928,540,50601,9262,20218,6197,3387,2122,3947,8660,36,42.3446726,-71.0680628,99,0.2 km,0.2 km,0.2 km
"Boston East Berkeley Street, Boston",3185,9200,132,1959,548,53189,9294,20303,6298,3437,2223,3996,8823,289,42.3446726,-71.0680628,99,0.2 km,0.2 km,0.2 km
"Boston Fairbanks Street, Boston",255,262,57,2255,722,2268,920,1873,1111,858,222,87,1111,32,42.350675,-71.16295,99,0.5 km,0.3 km,0.4 km
"Boston Fenway, Boston",707,257,58,942,254,3259,13905,65988,2948,495,4452,435,2908,256,42.3430654,-71.0981848,99,0.3 km,0.1 km,6 m
"Boston Forest Hills, Boston",197,201,59,93,85,734,338,1178,557,137,134,0,704,320,42.2967648,-71.1119963,99,1 m,0.6 km,1 m
"Boston Hawes Street, Boston",599,342,96,2905,624,4179,10558,58091,2484,401,365,390,3133,348,42.357758,-71.056386,99,0.2 km,44 m,9 m
"Boston Herald Street, Boston",3807,10322,143,1867,566,69900,7046,17378,6900,5293,2485,4051,9193,234,42.3463115,-71.0630607,99,0.3 km,65 m,17 m
"Boston Herald Street, Boston",4117,10403,146,2096,573,77917,5842,16358,7325,5694,2554,4224,9756,137,42.3463115,-71.0630607,99,0.3 km,65 m,17 m
"Boston KendallMIT, Boston",6210,971,23,1159,59,11834,14114,2360,1908,1159,378,621,2691,99,42.3554334,-71.060511,99,0.1 km,23 m,15 m
"Boston Lechmere, Boston",4115,509,132,1424,220,6033,1469,5851,1177,1127,262,428,843,98,42.3554334,-71.060511,99,0.1 km,23 m,15 m
"Boston Lenox St, Boston",2501,1021,104,466,285,4480,9841,9729,1838,5124,546,241,2159,96,43.0834008,-75.8174111,99,4.2 km,,0.5 km
"Boston Lenox St, Boston",2266,997,99,433,275,4149,9649,9617,1789,5389,503,225,2096,95,43.0834008,-75.8174111,99,4.2 km,,0.5 km
"Boston Massachusetts Ave, Boston",3134,1250,140,673,333,6035,9229,9827,2492,5685,661,781,3003,115,42.351797,-71.0899525,99,0.4 km,0.1 km,48 m
"Boston Massachusetts Ave, Boston",3142,1255,141,681,338,6046,9229,9831,2497,5702,661,782,3009,188,42.351797,-71.0899525,99,0.4 km,0.1 km,48 m
"Boston Massachusetts Ave, Boston",1496,576,54,2485,724,27652,4457,6791,5162,3557,2435,2776,4624,67,42.351797,-71.0899525,99,0.4 km,0.1 km,48 m
"Boston Museum Of Fine Arts, Boston",880,551,45,969,425,4368,7292,68704,3077,3427,4056,732,3373,58,42.3379182,-71.0950201,99,0.3 km,72 m,72 m
"Boston Newton Centre, Boston",127,143,14,196,189,1326,369,637,372,220,54,37,716,22,42.3429139,-71.19340063,99,0.7 km,0.2 km,0.1 km
"Boston Newton Highlands, Boston",279,137,46,240,152,1285,221,573,186,133,37,7,553,66,42.2996341,-71.20418095,99,0.7 km,0.4 km,12 m
"Boston North Quincy, Boston",131,55,14,87,209,712,259,255,412,28,42,53,198,12,42.383157,-71.0677775,99,0.2 km,0.2 km,0.1 km
"Boston Nubian, Boston",1659,1057,114,352,210,1887,2225,6418,877,4887,178,98,1713,29,42.3290977,-71.0850876,99,70 m,63 m,6 m
"Boston Revere Beach, Boston",163,120,101,98,29,329,103,373,262,62,121,5,178,94,42.364615,-71.032643,99,0.3 km,0.2 km,0.3 km
"Boston Shawmut, Boston",520,580,112,1182,132,1064,871,1241,593,685,82,0,1029,39,42.2745068,-71.0593045,99,1.0 km,0.4 km,0.8 km
"Boston Sullivan Square, Boston",924,863,83,524,485,4848,943,755,543,208,184,154,1262,23,42.3842954,-71.0769775,99,0.2 km,90 m,90 m
"Boston Summit Avenue, Boston",283,281,320,2292,683,3148,1150,2218,1221,1031,304,138,1317,565,40.985164,-81.541311,99,2.0 km,,0.1 km
"Boston Sutherland Road, Boston",222,212,34,207,334,1271,807,2945,677,135,84,128,691,37,42.341582,-71.1462998,99,0.2 km,1 m,1 m
"Boston Tufts Medical Center, Boston",6089,12258,127,3741,693,124292,3819,18678,10048,11799,3620,4854,13787,57,42.3496554,-71.0638505,99,0.4 km,1 m,1 m
"Boston Warren Street, Boston",754,503,583,499,503,3223,995,3362,1691,187,214,68,1339,140,42.3486367,-71.1402269,99,0.2 km,40 m,40 m
"Boston Wellington, Boston",102,109,4,15,13,439,38,132,302,1,4,40,269,132,-41.2960662,174.768385,99,0.1 km,62 m,12 m
"Boston West Newton Street, Boston",3238,919,92,1888,683,18689,7740,9993,3936,3386,814,2214,3928,124,42.339937,-71.074903,99,0.2 km,0.2 km,24 m
"Boston West Newton Street, Boston",3125,905,92,1867,674,17001,7728,9955,3746,3380,775,1767,3421,110,42.339937,-71.074903,99,0.2 km,0.2 km,24 m
"Boston Worcester Street, Boston",3331,958,102,1850,599,13346,8267,9943,3702,4256,956,1471,3480,19,42.090628,-71.638349,99,0.6 km,1.4 km,1.3 km
"Boston Worcester Street, Boston",3131,1119,127,1229,305,6999,8336,9715,2664,5092,746,895,3217,22,42.090628,-71.638349,99,0.6 km,1.4 km,1.3 km
"Boston Worcester Street, Boston",3131,1119,127,1229,305,6999,8336,9715,2664,5092,746,895,3217,179,42.090628,-71.638349,99,0.6 km,1.4 km,1.3 km
" 47th-South Elevated, Chicago",130,82,9,89,78,423,530,1300,244,64,54,9,598,25,41.8654712,-87.7423005,99,0.7 km,60 m,22 m
" 79th, Chicago",116,645,40,279,107,279,204,164,378,11,5,2,310,26,41.7525316,-87.5530981,99,0.7 km,9 m,9 m
" Ashland-Lake, Chicago",3016,1528,146,826,175,6649,1439,8238,3173,338,3001,194,2078,23,41.8859293,-87.6671516,99,0.2 km,78 m,1 m
" Austin-Congress, Chicago",314,371,68,165,34,410,546,553,256,533,145,0,315,20,41.874163,-87.7400706,99,0.5 km,0.2 km,0.1 km
" Austin-Lake, Chicago",226,69,60,85,101,653,724,2007,155,803,257,0,541,40,41.8879694,-87.7731704,99,42 m,71 m,22 m
" Belmont-O'Hare, Chicago",737,368,344,685,502,1289,905,504,996,11,75,6,610,34,41.667447,-87.59274059,99,1.5 km,9.9 km,0.3 km
" DamenMilwaukee, Chicago",1050,348,270,2169,357,2931,1104,2546,2209,12,405,117,1336,41,41.8755616,-87.6244212,99,88 m,44 m,10 m
" Damen-Ravenswood, Chicago",900,388,91,499,311,1700,1106,1852,1342,136,329,49,1094,121,41.9663859,-87.6788409,99,0.5 km,0.2 km,0.2 km
" Diversey, Chicago",534,381,150,1650,470,3785,563,8137,2940,72,849,154,1368,17,41.9320399,-87.7073181,99,0.4 km,1 m,1 m
" Foster, Chicago",866,380,20,578,280,5671,7264,3282,1492,1373,536,368,2695,37,41.9760593,-87.6721953,99,0.7 km,3 m,3 m
" Francisco, Chicago",226,93,108,169,142,845,371,1655,540,1,170,3,632,377,37.7095407,-122.4328074,99,1.0 km,27 m,27 m
" Fullerton, Chicago",703,235,198,1379,487,4518,1157,2049,2631,39,886,50,1411,19,41.9245715,-87.6925126,99,0.3 km,30 m,0.1 km
" GrandState, Chicago",15570,5106,381,9064,2077,139134,7376,26188,18633,13786,4580,15106,21622,23,41.8755616,-87.6244212,99,88 m,44 m,10 m
" Granville, Chicago",232,135,79,489,366,1320,1879,892,924,25,263,29,832,39,41.993749,-87.659213,99,0.4 km,0.4 km,3 m
" Halsted-Midway, Chicago",531,411,142,179,91,603,477,228,449,73,119,0,521,84,41.8477626,-87.6464885,99,0.1 km,0.2 km,0.1 km
" Harlem-Congress, Chicago",365,173,226,179,165,765,392,1123,431,125,226,4,489,764,41.8940426,-87.8051385,99,0.6 km,1 m,1 m
" Cottage Grove, Chicago",58,249,19,84,393,551,5216,8271,210,273,107,22,569,28,41.832384,-87.6110717,99,0.1 km,7 m,7 m
" ClarkLake, Chicago",29320,16845,417,12301,2681,253223,9416,15392,16666,25751,5927,11360,26610,68,41.8755616,-87.6244212,99,88 m,44 m,10 m
" Cicero-Douglas, Chicago",800,222,157,545,161,369,1129,187,508,600,170,7,233,58,41.29879235,-96.22820603,99,2.7 km,,12 m
" ChicagoMilwaukee, Chicago",1867,1003,634,656,103,6322,825,771,1965,72,506,108,1660,16,41.8755616,-87.6244212,99,88 m,44 m,10 m
" Cermak-McCormick Place, Chicago",644,773,171,208,185,4007,783,3002,1814,1277,876,574,1163,57,41.8527022,-87.6263803,99,0.3 km,1 m,1 m
" Central-Lake, Chicago",119,83,36,104,78,376,557,1834,167,157,41,0,480,32,41.62095925,-87.46915479,99,1.1 km,1.0 km,4 m
" Bryn Mawr, Chicago",332,289,125,517,887,1624,684,1511,1398,40,235,20,888,587,41.766146,-87.5776229,99,0.2 km,31 m,15 m
" Harlem-Lake, Chicago",515,390,118,646,657,2708,607,2919,1341,320,382,55,1051,16,41.7864595,-87.8011458,99,0.5 km,5 m,5 m
" Harlem-O'Hare, Chicago",88,38,45,110,312,1245,399,518,305,11,27,0,175,21,41.667447,-87.59274059,99,1.5 km,9.9 km,0.3 km
" Harrison, Chicago",12124,12581,94,3929,916,116260,6853,7256,5451,14026,3857,4083,10817,35,41.8742404,-87.6247913,99,0.2 km,89 m,
" Howard, Chicago",84,120,80,162,250,629,403,1551,305,11,223,7,506,16,42.0194858,-87.6761704,99,0.4 km,1 m,1 m
" Irving Park-O'Hare, Chicago",616,335,291,275,56,859,293,531,516,18,32,0,652,22,41.9523515,-87.8365145,99,5.8 km,41 m,58 m
" Irving Park-Ravenswood, Chicago",897,376,91,352,338,3534,1058,1088,917,39,236,43,1139,19,41.9533212,-87.731455,99,0.9 km,0.1 km,0.1 km
" Jarvis, Chicago",96,147,92,184,298,793,686,1572,404,16,277,21,601,12,42.312188,-87.834142,99,0.5 km,1.1 km,25 m
" Jefferson Park, Chicago",395,290,33,111,142,962,288,205,429,412,46,8,248,926,41.9717361,-87.76348787,99,0.6 km,1 m,1 m
" Kedzie-Douglas, Chicago",374,178,128,149,139,332,1186,1364,220,499,53,0,457,16,41.8623875,-87.7054293,99,0.5 km,34 m,34 m
" Kedzie-Ravenswood, Chicago",241,140,113,225,144,847,932,767,448,3,151,2,580,16,41.9660603,-87.7095588,99,0.7 km,50 m,0.2 km
" LaSalle, Chicago",22697,16317,101,13440,845,170741,8737,9719,7185,22620,4379,4896,15581,53,41.3307373,-89.1071041,99,0.8 km,,92 m
" Logan Square, Chicago",327,147,100,476,192,941,431,942,1286,65,178,5,528,29,41.9283727,-87.7067636,99,11 m,69 m,11 m
" Morse, Chicago",145,790,80,259,131,771,1041,964,671,57,161,48,624,206,42.0078658,-87.6638352,99,0.3 km,5 m,5 m
" Oak Park-Lake, Chicago",530,356,99,482,474,2370,888,1486,997,455,418,53,941,43,40.7781966,-111.918275,99,0.5 km,0.2 km,38 m
" Paulina, Chicago",546,167,105,970,696,3107,579,1319,1385,20,373,22,1102,71,41.8959596,-87.6693308,99,0.5 km,4 m,4 m
" Racine, Chicago",3310,2297,99,707,197,6965,13698,16162,2627,1489,2393,348,2881,47,42.7274578,-87.8098037,99,0.5 km,0.5 km,0.2 km
" Ridgeland, Chicago",357,70,85,109,205,1273,1016,1773,437,673,315,1,652,27,41.7032948,-87.7805909,99,76 m,72 m,9 m
" RooseveltWabash, Chicago",1098,1558,74,1403,604,12020,2901,1534,1830,1484,1231,1904,2270,31,41.8755616,-87.6244212,99,88 m,44 m,10 m
" Sedgwick, Chicago",1277,1713,146,1440,656,6220,1104,1100,1684,213,1398,562,1797,267,37.779127,-97.536903,99,0.3 km,,41 m
" Sheridan, Chicago",264,219,100,542,423,1887,2680,1366,1777,347,719,234,1084,952,42.3198854,-87.8425876,99,0.9 km,0.1 km,0.1 km
" Southport, Chicago",447,292,95,1208,539,2240,447,1498,2569,116,834,228,1176,34,41.9200374,-87.6631506,99,0.3 km,0.7 km,14 m
" UIC-Halsted, Chicago",9481,6636,104,8109,604,21280,13963,2573,5666,2007,495,478,4357,26,41.875571,-87.6472426,99,0.6 km,1 m,1 m
" WashingtonWells, Chicago",32159,19206,206,16145,1888,236440,9471,14118,14725,26055,5557,7557,22905,28,41.8755616,-87.6244212,99,88 m,44 m,10 m
" WesternMilwaukee, Chicago",833,481,127,1670,263,2235,1221,2239,1629,281,339,88,966,70,41.8755616,-87.6244212,99,88 m,44 m,10 m
" Western-Ravenswood, Chicago",457,184,130,372,282,1032,798,1825,1127,141,198,24,914,14,41.9662349,-87.6884482,99,0.5 km,8 m,1 m
" Wilson, Chicago",176,252,75,429,276,1347,2570,3133,847,49,174,28,1292,163,42.36277825,-83.33182735,99,1.1 km,1.0 km,1 m
"DC Pentagon City, DC",629,68,41,2068,370,4464,73,1224,1453,385,249,1810,1654,103,38.86304015,-77.0591301,99,0.4 km,30 m,30 m
"Philly 49th Street, Philly",170,228,43,104,112,574,568,464,302,56,269,24,986,287,39.94563073,-75.21800892,99,0.2 km,33 m,25 m
"Philly Bryn Mawr, Philly",607,123,201,328,109,2263,1358,3047,535,3,285,567,1058,52,35.968335,-81.771502,99,0.2 km,,1 m
"Philly Chestnut Hill East, Philly",158,26,6,91,116,580,322,2128,318,0,95,77,534,17,40.0770553,-75.2074,99,0.3 km,74 m,3 m
"Philly Doylestown, Philly",312,183,222,363,223,2237,701,856,575,6735,128,68,686,53,39.9527237,-75.1635262,99,0.2 km,72 m,2 m
"Philly Elm Street, Philly",972,382,94,170,69,1112,2369,1042,348,2398,214,7,517,24,42.1520019,-79.3731034,99,6.3 km,,0.4 km
"Philly Fox Chase, Philly",187,81,160,60,67,244,106,349,167,66,18,1,370,252,43.65270825,-79.38384234,99,0.6 km,0.2 km,18 m
"Philly Lansdale, Philly",1008,242,166,248,45,1900,111,858,346,263,45,0,657,86,39.9527237,-75.1635262,99,0.2 km,72 m,2 m
"Philly Lansdowne, Philly",394,140,61,100,121,396,251,369,185,83,37,10,199,328,39.9527237,-75.1635262,99,0.2 km,72 m,2 m
"Philly Penn Medicine, Philly",949,93,20,184,365,4406,4086,26323,1096,460,1359,524,1615,125,39.9527237,-75.1635262,99,0.2 km,72 m,2 m
"Philly Rosemont, Philly",401,86,87,239,100,1473,895,1840,479,3,167,41,479,20,39.9527237,-75.1635262,99,0.2 km,72 m,2 m
